img,c0,c1,c2,c3,c4,c5,c6,c7,c8,c9
img_100045.jpg,0.56400245,0.14372511,0.03382169,0.007008716,0.002611029,0.0017002479,0.20616515,0.0024879258,0.0022970713,0.036180586
img_100251.jpg,0.8463885,0.030864025,0.052239686,0.019427367,0.0057963235,0.0006313711,0.01783544,0.013127649,0.0008701308,0.012819556
img_100368.jpg,0.04533099,0.1012871,0.0059728636,0.7980579,0.0049823592,0.0012100448,0.011963153,0.0021672295,0.001105089,0.02792339
img_100528.jpg,0.008953408,0.021758249,0.0033321911,0.95169675,0.0009691598,0.00068355043,0.0009606366,0.0032557151,0.0023508456,0.0060394146
img_10062.jpg,0.017739696,0.037014484,0.21160954,0.012625161,0.044484135,0.46569338,0.017600603,0.115805775,0.0684293,0.008997906
img_100693.jpg,0.1012178,0.071100794,0.37507993,0.14386888,0.018824691,0.007226535,0.019064473,0.24188034,0.0015465756,0.020189894
img_100749.jpg,0.03996038,0.02182872,0.008206637,0.014058034,0.10299018,0.17282946,0.012598788,0.024051389,0.5904635,0.0130129
img_100777.jpg,0.049558662,0.026365828,0.004184935,0.8523978,0.00175725,0.0013756687,0.031866893,0.0043209344,0.00077595597,0.027396156
img_100814.jpg,0.06485624,0.06004241,0.023375321,0.008735565,0.0127858035,0.028750125,0.021122143,0.7734198,0.0018505743,0.005062002
img_100872.jpg,0.35715735,0.12264665,0.2205385,0.024916416,0.0494759,0.016503783,0.06253488,0.096192524,0.011669953,0.038364027
img_101066.jpg,0.05548078,0.029603267,0.0010998317,0.021021385,0.011038767,0.062142473,0.05466955,0.73869175,0.012912588,0.013339533
img_101195.jpg,0.6684933,0.03188736,0.002512074,0.067868836,0.0061245603,0.0056371237,0.0590331,0.15039736,0.00040795445,0.007638394
img_101310.jpg,0.0077722603,0.0005865014,0.009225044,0.003440157,0.051413126,0.56356996,0.006705323,0.10165997,0.24830592,0.007321748
img_10133.jpg,0.5213172,0.37562624,0.015419052,0.020956693,0.008189418,0.0020211367,0.027349813,0.01657905,0.0017928997,0.010748553
img_101386.jpg,0.017186916,0.0074518565,0.0053445236,0.007150297,0.021556253,0.0020183288,0.029832153,0.0016809658,0.007294123,0.90048456
img_10154.jpg,0.06267767,0.017641932,0.0011058046,0.0135217,0.0074219396,0.0314182,0.057338305,0.7921437,0.0059044086,0.010826179
img_101681.jpg,0.4009295,0.0045851953,0.0029321136,0.08720078,0.010796042,0.0009964932,0.051900666,0.0044537317,0.0005563903,0.435649
img_101718.jpg,0.8831021,0.007658437,0.03050771,0.043307573,0.0018128522,0.00029817945,0.01517889,0.0060725952,0.00019431404,0.011867475
img_101856.jpg,0.017137887,0.012522292,0.27166793,0.0038415988,0.015225478,0.5232308,0.023222001,0.03611998,0.0856176,0.011414447
img_101908.jpg,0.5380968,0.1755233,0.00229223,0.028918669,0.001488086,0.0025577212,0.22704148,0.018032735,0.00057820155,0.005470837
img_102005.jpg,0.062187795,0.07303938,0.03422223,0.023884002,0.01480721,0.0312324,0.024938436,0.7256368,0.0019000445,0.008151654
img_102020.jpg,0.53478074,0.06857202,0.0025692754,0.033109393,0.00446845,0.0040511796,0.11914769,0.22544399,0.0010210568,0.006836219
img_102056.jpg,0.1029227,0.030850416,0.03377989,0.6305001,0.00096698524,0.00041887414,0.1489704,0.004230527,0.00020325769,0.047156896
img_10647.jpg,0.091224894,0.13221085,0.02108326,0.69540465,0.0016045272,0.0022137912,0.019286638,0.017776646,0.0024339608,0.016760742
img_10875.jpg,0.5172297,0.01299801,0.0008420865,0.0048498004,0.00088588166,0.0017630844,0.4495128,0.0018261686,0.001260849,0.008831697
img_10979.jpg,0.24736707,0.11172423,0.010092173,0.01825552,0.005007966,0.00622116,0.06559406,0.52886593,0.000401495,0.006470377
img_11187.jpg,0.6459599,0.026365587,0.003791878,0.006040678,0.00038083512,0.0009940818,0.29401603,0.0037393384,0.00055805314,0.018153602
img_11400.jpg,0.017038258,0.0025941895,0.0018102177,0.004940306,0.0024998449,0.0015652374,0.054474674,0.00019565245,0.0044489135,0.91043264
img_11417.jpg,0.24771002,0.37079415,0.004418814,0.32572412,0.004569152,0.002522096,0.013667941,0.018490778,0.00093171775,0.011171383
img_11449.jpg,0.65827656,0.06578198,0.001646148,0.010546114,0.0020152263,0.0035925498,0.18493526,0.05736906,0.0009766377,0.014860381
img_11508.jpg,0.0056818086,0.0227888,0.0018819448,0.95937693,0.0006928622,0.0004895132,0.00059667026,0.0025145253,0.002019478,0.0039574336
img_11712.jpg,0.0009344108,0.00064276287,0.0010278416,0.00061194977,0.006498037,0.47809085,0.00053724524,0.026855737,0.48461714,0.00018395772
img_11827.jpg,0.6021042,0.04947738,0.00826162,0.004949785,0.000853257,0.00085698714,0.29104412,0.0015641815,0.0008525445,0.04003581
img_11945.jpg,0.5984991,0.28927937,0.01839073,0.021888195,0.015431035,0.0021665744,0.026336899,0.009550253,0.0031088658,0.015349012
img_11990.jpg,0.15724532,0.070620075,0.0015187192,0.25369897,0.0028932334,0.0020626036,0.02105217,0.4799193,0.0002486776,0.010740805
img_12019.jpg,0.0132572325,0.039227854,0.0025603417,0.92832303,0.00082874025,0.0007825987,0.002171929,0.0041520894,0.0016641945,0.0070319246
img_12047.jpg,0.06485632,0.68679,0.024370208,0.07009964,0.002952354,0.001211501,0.04598279,0.07878583,0.0004738706,0.024477405
img_12188.jpg,0.034068722,0.04676871,0.37421983,0.02799696,0.018022804,0.018555915,0.008087373,0.46296325,0.0023717757,0.006944654
img_12206.jpg,0.0013121506,0.0006186076,0.9555819,8.8310735e-05,0.005610514,0.020604596,0.00029696518,0.002627626,0.013092895,0.00016637979
img_12298.jpg,0.0016486266,0.0017504842,0.0064091575,0.0018614457,0.006539151,0.38042995,0.0016615839,0.009387896,0.5898523,0.00045931715
img_12346.jpg,0.05477731,0.080623165,0.023082439,0.039783414,0.32118893,0.12742244,0.048575457,0.11544441,0.0593715,0.12973094
img_124.jpg,0.63157254,0.047000084,0.0025019515,0.012688952,0.006409484,0.010123477,0.12779139,0.15351121,0.00074128393,0.007659656
img_12489.jpg,0.006195229,0.009231289,0.0031968257,0.04220678,0.095967494,0.18528889,0.07311331,0.22311161,0.30565858,0.0560299
img_12575.jpg,0.05660741,0.3853201,0.042436607,0.24757971,0.042954963,0.005240073,0.15520406,0.007643264,0.001991854,0.05502213
img_1273.jpg,0.032168675,0.088840485,0.026637642,0.044812832,0.14294049,0.25045887,0.04829828,0.12792857,0.16129738,0.07661682
img_12736.jpg,0.114478655,0.005308174,0.0028242439,0.83854777,0.0052558063,0.0021563205,0.016281515,0.0010250672,0.00058980327,0.013532823
img_1282.jpg,0.39963594,0.020076722,0.005122231,0.056782037,0.005659869,0.005474191,0.03147537,0.46843854,0.00048240347,0.006852558
img_13137.jpg,0.005120542,0.00333935,0.006378822,0.9811204,0.00022357758,6.444102e-05,0.00030791122,0.00049971393,0.00020656062,0.002738609
img_13213.jpg,0.29302084,0.27394566,0.0050481395,0.26473707,0.01302154,0.011674031,0.086429715,0.034654625,0.004665468,0.012802964
img_13389.jpg,0.003336157,0.004853066,0.04060047,0.0029471258,0.02124115,0.22364639,0.043862566,0.008890201,0.6347545,0.015868286
img_13428.jpg,0.02923927,0.028183976,0.0123819625,0.027476879,0.19181824,0.08920898,0.1007356,0.079470485,0.21577808,0.22570653
img_13438.jpg,0.10924528,0.53890634,0.011248274,0.17962356,0.0023217837,0.0013460033,0.07133635,0.058882713,0.0005014407,0.02658822
img_13683.jpg,0.001235746,0.0020827963,0.0052569965,0.0027685233,0.024638707,0.18300577,0.00026426328,0.0038912185,0.77668375,0.00017217321
img_13932.jpg,0.34149653,0.016765708,0.0012476654,0.017948784,0.0012271074,0.002039581,0.55758756,0.00088133896,0.0024687147,0.058337092
img_13964.jpg,0.012737987,0.003984664,0.8226306,0.0008646532,0.0049632313,0.09276738,0.014106968,0.010479995,0.031543538,0.0059209773
img_14081.jpg,0.06082811,0.09545906,0.03332777,0.036046997,0.033316467,0.33019504,0.104306616,0.08147964,0.114011385,0.111028895
img_14168.jpg,0.4462881,0.007603184,0.0022161645,0.4399888,0.0018297592,0.0008478563,0.029907525,0.009972636,0.0006144762,0.060731515
img_14186.jpg,0.5455178,0.057408433,0.021370383,0.0046208478,0.00076879177,0.0006040373,0.3263666,0.0008160152,0.0009769395,0.04155016
img_14187.jpg,0.0124165155,0.0036609268,0.86373746,0.0007473492,0.004560557,0.06790258,0.010169746,0.009418021,0.022761833,0.0046250327
img_14189.jpg,0.19401568,0.1924744,0.0074155647,0.015485133,0.007206509,0.012767954,0.10957336,0.44608867,0.0017264994,0.013246224
img_14358.jpg,0.08865701,0.11356143,0.044348434,0.04730891,0.059033677,0.29114074,0.050449304,0.18432193,0.052842878,0.06833569
img_14428.jpg,0.061596926,0.001273303,0.0027176877,0.003823134,0.006049789,0.0013897665,0.046238292,0.0009977641,0.0019247415,0.87398857
img_1457.jpg,0.105392806,0.09910215,0.04302579,0.69138783,0.0019005659,0.0031547162,0.016764976,0.01842875,0.003117897,0.017724404
img_14700.jpg,0.0011217966,0.0022433437,0.061166853,0.0006598967,0.019294767,0.17209868,0.0018617556,0.008420241,0.73182285,0.0013096982
img_1495.jpg,0.0007413117,0.0020138158,0.01556626,0.00034116275,0.0149851665,0.05832108,0.0017053372,0.0025248395,0.90260017,0.0012007045
img_14966.jpg,0.8458451,0.0380658,0.0004861425,0.00693662,0.00027664506,0.0005550164,0.09563459,0.010690755,6.593236e-05,0.0014433931
img_15230.jpg,0.0014118832,0.0013791788,0.0055810153,0.0009853877,0.004272315,0.4983576,0.0010980174,0.0076268776,0.47910726,0.00018057329
img_15232.jpg,0.42085803,0.07978639,0.06308264,0.008314901,0.0029171754,0.0018119081,0.3409148,0.0032359243,0.0034882685,0.075589895
img_15244.jpg,0.3893615,0.43312588,0.024532765,0.0794971,0.027403023,0.0019034324,0.008490571,0.013834019,0.005377938,0.016473604
img_15256.jpg,0.012845576,0.027162144,0.10815066,0.008891739,0.04785377,0.5359785,0.01415047,0.062077664,0.17237379,0.010515759
img_15889.jpg,0.5973402,0.13970217,0.003434195,0.062971234,0.002440093,0.003070753,0.13122137,0.04042286,0.00094989507,0.018447133
img_15895.jpg,0.00918004,0.014172303,0.07326725,0.0047946884,0.02413251,0.6565927,0.0077179745,0.1131505,0.09315863,0.0038332934
img_16114.jpg,0.05423476,0.6197657,0.02346146,0.082848,0.005839364,0.0051796525,0.06091158,0.13351628,0.0015245521,0.012718689
img_16171.jpg,0.26500192,0.14594352,0.0061620492,0.01134684,0.004541786,0.007963864,0.13145396,0.41621768,0.00075044995,0.010617883
img_16367.jpg,0.03030878,0.023674503,0.0058077606,0.009130875,0.017068582,0.0034365063,0.07101223,0.0013532821,0.025181105,0.81302625
img_16493.jpg,0.84769917,0.03793675,0.0006646066,0.008662848,0.00044874402,0.00062456937,0.09079023,0.010658377,0.000117552496,0.0023972008
img_16574.jpg,0.007835707,0.0018471002,0.0012325839,0.0021465095,0.0009523316,0.000477687,0.08018955,0.00017521456,0.00032296608,0.9048203
img_16658.jpg,0.0012457357,0.0017362655,0.011364728,0.00018325733,0.018423928,0.108324625,0.00074081327,0.0056937854,0.85194385,0.00034305284
img_16719.jpg,0.42527023,0.20854406,0.002976069,0.04085979,0.0035362479,0.003566921,0.18077418,0.11401157,0.0008281681,0.01963266
img_16740.jpg,0.09118187,0.025709491,0.04869743,0.6504151,0.0006488108,0.0001952834,0.13547724,0.0028151495,0.00014740878,0.04471212
img_16810.jpg,0.0053028166,0.009661643,0.6349635,0.0020015542,0.038872164,0.112826705,0.0028966428,0.014494099,0.17736685,0.0016140668
img_16886.jpg,0.6485772,0.024988955,0.0028327457,0.030716287,0.006974295,0.0064579328,0.053630948,0.2177652,0.00043271045,0.0076235957
img_1701.jpg,0.0019152396,0.00068841135,0.0009662674,0.0031972104,0.0058045145,0.75346595,0.0008776474,0.04093759,0.19181058,0.00033644304
img_17291.jpg,0.0120552005,0.02756739,0.027969493,0.0063606156,0.08819014,0.19853139,0.025225636,0.02359237,0.56004816,0.030459492
img_17321.jpg,0.5085698,0.38536796,0.010619555,0.028689818,0.007871693,0.0023691573,0.025419142,0.01885146,0.0015742246,0.010667086
img_17404.jpg,0.09188356,0.057829384,0.004038383,0.04484283,0.0052685556,0.0055324836,0.05032586,0.73351824,0.0011063337,0.005654427
img_17550.jpg,0.010509722,0.0032502906,0.85526186,0.0006634815,0.0043812417,0.0762745,0.011041944,0.009454673,0.02422113,0.0049411384
img_17827.jpg,0.11023829,0.1719773,0.0018559032,0.083047666,0.004166951,0.0033705356,0.017840447,0.5936356,0.0011232225,0.012744037
img_17995.jpg,0.029557053,0.013659846,0.014567834,0.015773166,0.0071692825,0.03514683,0.26421037,0.015769297,0.008543979,0.59560245
img_18004.jpg,0.0027429692,0.0014062101,0.0016043871,0.0026188325,0.011424166,0.62151086,0.0009377229,0.044910107,0.31239548,0.0004492407
img_18085.jpg,0.0010088951,0.0018000893,0.029363703,0.00037166997,0.009889328,0.17188527,0.0025682307,0.0056794994,0.7766584,0.0007749681
img_18111.jpg,0.09354986,0.21963385,0.0062424843,0.5700469,0.008172965,0.0017519706,0.044428714,0.020244861,0.0012185302,0.0347098
img_18181.jpg,0.014647617,0.005791529,0.0023458926,0.005401855,0.0016804853,0.001662025,0.09906023,0.00019861106,0.007165911,0.8620458
img_1819.jpg,0.005074121,0.00075514393,0.0033277976,0.011304756,0.069969416,0.34366277,0.00817671,0.48356438,0.06853789,0.0056269597
img_18268.jpg,0.61505467,0.14290051,0.0035210717,0.033895776,0.002924436,0.0033128709,0.1643464,0.011429391,0.0014695064,0.021145377
img_18429.jpg,0.04292295,0.056733888,0.025026254,0.039480668,0.32892308,0.09567537,0.070551306,0.043927338,0.06211346,0.23464572
img_18533.jpg,0.18683779,0.015449203,0.0014055583,0.00729974,0.004971526,0.006522088,0.6378874,0.0044144904,0.004325782,0.13088644
img_18636.jpg,0.14443946,0.11955059,0.0047271983,0.19093637,0.0027180118,0.003025786,0.3433711,0.017771605,0.0015451057,0.17191483
img_18673.jpg,0.42368716,0.26528165,0.0072315717,0.14350525,0.0037912482,0.0019725487,0.077736914,0.054398086,0.00052438036,0.021871187
img_1875.jpg,0.77468765,0.017659398,0.003054142,0.02137201,0.0053960634,0.0010433801,0.0918638,0.00953909,0.00046133393,0.074923
img_18820.jpg,0.8315827,0.025849523,0.00062428386,0.017445887,0.0007655848,0.00088808715,0.073589355,0.04703578,0.0001234955,0.0020951382
img_18851.jpg,0.23506397,0.5044361,0.0102712875,0.18321303,0.030177701,0.0013651523,0.003585693,0.015025543,0.0038360981,0.013025436
img_19089.jpg,0.6321401,0.047395725,0.0025374438,0.010676886,0.0067623234,0.010694999,0.14360575,0.13685226,0.00081101496,0.008523468
img_19224.jpg,0.60957825,0.079978235,0.0027585223,0.23423588,0.0027465678,0.00305318,0.038412515,0.013343636,0.00063021405,0.015263077
img_19543.jpg,0.13991913,0.13360597,0.071971625,0.5579998,0.0025930968,0.006972849,0.026347224,0.028864738,0.0056794086,0.026046224
img_19619.jpg,0.24740532,0.41708216,0.013134847,0.13029309,0.0039019517,0.0017751822,0.08027351,0.08394531,0.00049217994,0.021696357
img_19727.jpg,0.05177986,0.011848877,0.0053450563,0.017425863,0.038263977,0.0015568298,0.056521986,0.0020666404,0.0015464707,0.8136445
img_19859.jpg,0.6747791,0.027202565,0.0010381804,0.0109511735,0.0011474838,0.0019760313,0.27013323,0.0033264507,0.0009955659,0.00845019
img_19908.jpg,0.004806785,0.0016043456,0.0020723192,0.0018479346,0.04724993,0.39933285,0.00074299454,0.039514534,0.50208104,0.00074724713
img_19909.jpg,0.004764505,0.023169579,0.001980842,0.95950055,0.00078003155,0.00043738988,0.0005150561,0.0024626083,0.002057857,0.0043314365
img_19943.jpg,0.05144951,0.10723434,0.028696759,0.0380906,0.136562,0.23147419,0.05416488,0.09891254,0.115835495,0.13757974
img_20054.jpg,0.09858082,0.035317186,0.017946107,0.6570719,0.0041949414,0.0025004458,0.11528506,0.005434138,0.000738846,0.06293044
img_20200.jpg,0.38947633,0.29807776,0.003979129,0.0662305,0.001989199,0.002847993,0.18174551,0.037771612,0.0009090722,0.01697282
img_20212.jpg,0.3898165,0.30018812,0.0059558367,0.20634973,0.00820382,0.007219898,0.044125143,0.020274378,0.003121513,0.014745118
img_20265.jpg,0.041762784,0.003800686,0.8660135,0.062084194,0.010179726,0.000713744,0.00065838516,0.0013832278,0.003015726,0.010388009
img_20268.jpg,0.05127483,0.04150727,0.0064965347,0.03604392,0.16148882,0.04170654,0.15393178,0.09093568,0.06944026,0.34717438
img_20398.jpg,0.2822453,0.2823039,0.005987635,0.25168854,0.014164677,0.011970754,0.08946494,0.04613022,0.0039325976,0.012111477
img_20553.jpg,0.0114766685,0.0014707327,0.014925861,0.0031342225,0.054513365,0.5868463,0.013036548,0.09256014,0.20098561,0.021050613
img_20573.jpg,0.015908578,0.048512068,0.023015171,0.025225908,0.28007123,0.16079634,0.04709661,0.056049198,0.26425043,0.07907449
img_20805.jpg,0.003595936,0.006346778,0.07538919,0.0032129844,0.02287476,0.48650974,0.014942137,0.033626508,0.34805527,0.005446754
img_20819.jpg,0.49164066,0.05182564,0.043778528,0.008704754,0.0027906315,0.002375216,0.33173645,0.0053082127,0.0044875504,0.057352334
img_2115.jpg,0.0031338665,0.0024519984,0.013203284,0.0024678323,0.005075772,0.7368514,0.0024696533,0.016662627,0.21727955,0.00040390698
img_21184.jpg,0.15291657,0.18404926,0.010165329,0.34383848,0.008240057,0.008893046,0.12890446,0.044517532,0.003651678,0.11482364
img_21286.jpg,0.0029047097,0.0007738781,0.0022876677,0.0014002662,0.018427694,0.55723745,0.0006147693,0.029954849,0.3860519,0.0003468969
img_21329.jpg,0.08734191,0.015592787,0.0037105302,0.15115996,0.016810818,0.0018852489,0.3454775,0.003615529,0.00056560704,0.37384006
img_21358.jpg,0.013226357,0.0023409224,0.008350773,0.0072588036,0.12529506,0.44136173,0.020017251,0.1564195,0.17846249,0.047267012
img_21485.jpg,0.30043736,0.12420438,0.17252874,0.11856508,0.12262825,0.0070810774,0.09443089,0.017888997,0.0012309569,0.04100427
img_21697.jpg,0.715307,0.015006077,0.0022063947,0.13166732,0.007959665,0.0052047134,0.09212688,0.006489972,0.002562711,0.02146928
img_21737.jpg,0.5903491,0.047828022,0.0072516734,0.0049486673,0.0007626548,0.0008284985,0.30471405,0.0014421206,0.0008386247,0.041036732
img_21812.jpg,0.58516407,0.1049462,0.0023188987,0.03776094,0.0016078283,0.0028804843,0.19832635,0.050223198,0.0007144465,0.016057577
img_21832.jpg,0.09724029,0.015464038,0.0017705506,0.0105523355,0.005434996,0.01450792,0.7237942,0.005009905,0.008666884,0.11755891
img_21891.jpg,0.044263966,0.06477913,0.010280336,0.028977413,0.09863967,0.023963602,0.18033478,0.014778232,0.1146304,0.41935238
img_22171.jpg,0.33622354,0.024780292,0.002604094,0.018575825,0.0024993913,0.0056790835,0.0353428,0.5705418,0.00037499063,0.0033782339
img_22174.jpg,0.48217928,0.050425924,0.015912963,0.0047342996,0.0009919893,0.0011145533,0.38318822,0.0013133066,0.0016555174,0.058483884
img_22182.jpg,0.013568964,0.026969464,0.08555356,0.007533181,0.06338489,0.47510526,0.012672385,0.055388894,0.24901354,0.010809952
img_22203.jpg,0.1755689,0.013312352,0.0041804826,0.74093443,0.0074998005,0.0029360414,0.030376265,0.0018803132,0.0008659621,0.02244547
img_22237.jpg,0.034758266,0.016502745,0.000537648,0.021815252,0.005763016,0.030430742,0.024367604,0.8522711,0.004988338,0.008565202
img_22374.jpg,0.00804304,0.00274321,0.8224723,0.0009392251,0.0078080217,0.11393776,0.0031814752,0.005101497,0.034715623,0.0010577379
img_22474.jpg,0.0064672106,0.0003241984,0.0046794913,0.00406097,0.045166582,0.5966895,0.0063450425,0.084613964,0.24251395,0.009139119
img_22667.jpg,0.09468436,0.5574441,0.053733032,0.15830529,0.005279906,0.0013842374,0.033094887,0.07308816,0.00046161163,0.022524515
img_22793.jpg,0.33609325,0.057327617,0.23440711,0.020323144,0.1238076,0.019675821,0.13848181,0.043153394,0.0024574383,0.02427276
img_22967.jpg,0.46983367,0.30959705,0.004599084,0.080740966,0.003008586,0.0023169254,0.0837614,0.028072841,0.0007555766,0.01731388
img_23170.jpg,0.081219524,0.24511583,0.027900334,0.084677726,0.07672418,0.019176109,0.015341436,0.4188615,0.016210202,0.014773168
img_23389.jpg,0.0011940337,0.0038496545,0.0076248827,0.0032573654,0.0687355,0.14238016,0.0001629183,0.004742819,0.7677727,0.00027988342
img_2339.jpg,0.41575518,0.3159944,0.0061686356,0.15928015,0.007593907,0.0066676177,0.04784099,0.02683114,0.0021580686,0.011709848
img_23512.jpg,0.02034129,0.01442616,0.022638822,0.011273053,0.18233499,0.15715456,0.0058308234,0.050953943,0.5280259,0.0070204693
img_23585.jpg,0.0067770923,0.0012178883,0.016033094,0.0021632244,0.030313224,0.5968803,0.023116078,0.04715188,0.25195363,0.024393653
img_23696.jpg,0.14760622,0.09667837,0.0035798394,0.054263584,0.0033220318,0.005407989,0.024668768,0.65464145,0.00060382375,0.009227915
img_23960.jpg,0.39455062,0.2908457,0.005991695,0.18110129,0.009969358,0.010328988,0.06438961,0.026469165,0.0037186802,0.012634831
img_24008.jpg,0.0032392114,0.009309884,0.48961154,0.00084690435,0.029197525,0.1323976,0.0017035074,0.010796326,0.32175738,0.0011401615
img_24035.jpg,0.22019342,0.06678519,0.023544662,0.03397223,0.013214162,0.01873387,0.041704383,0.57336646,0.0013455698,0.0071400134
img_24069.jpg,0.0031805423,0.01220244,0.026063055,0.0018880985,0.01853997,0.2507077,0.0053277165,0.017816823,0.6613514,0.002922192
img_24256.jpg,0.5968718,0.020831633,0.0009034305,0.006040057,0.00090776687,0.0011495523,0.36038008,0.0017093603,0.0009928527,0.010213654
img_24338.jpg,0.3062165,0.07819954,0.0032058146,0.011844198,0.006497552,0.016324824,0.242532,0.31746513,0.0026992126,0.015015205
img_24684.jpg,0.663698,0.119187646,0.0035684188,0.0608466,0.0031551684,0.003355621,0.11572863,0.008035933,0.0013648616,0.021059005
img_24831.jpg,0.4690399,0.040931996,0.004201282,0.009893801,0.015859032,0.008346828,0.20494577,0.007264632,0.009246882,0.23026988
img_24868.jpg,0.18021499,0.24877578,0.003740496,0.11729014,0.0041590407,0.0036469423,0.022685995,0.40237907,0.0010579193,0.016049523
img_25032.jpg,0.75083214,0.034919325,0.002609266,0.01808792,0.006873999,0.008294702,0.09552275,0.0755745,0.00085014926,0.00643537
img_25100.jpg,0.008385524,0.0016536502,0.029459078,0.0031390884,0.04756739,0.6118778,0.004481758,0.08015326,0.20904891,0.0042334795
img_25412.jpg,0.13572432,0.030614905,0.004907247,0.012683814,0.01308248,0.0062660524,0.18592961,0.0023657938,0.017372161,0.59105355
img_25522.jpg,0.042222805,0.050527435,0.018020123,0.8257117,0.001063916,0.00070016546,0.033017587,0.0041872733,0.0006260563,0.023922851
img_25547.jpg,0.5984278,0.04055957,0.0011606589,0.0069238795,0.0013364576,0.0014390372,0.3313814,0.0027321281,0.0011721104,0.014867022
img_25668.jpg,0.63573635,0.027800597,0.005287372,0.16159752,0.015825583,0.007951836,0.08648172,0.013026368,0.004211304,0.042081404
img_25897.jpg,0.0013558681,0.0013302388,0.0075267768,0.0011774914,0.004293928,0.46511173,0.0013156031,0.006189469,0.5114744,0.00022451366
img_25998.jpg,0.043066014,0.053340513,0.005519102,0.83784926,0.002195275,0.003931124,0.019475762,0.01001687,0.0024225966,0.022183377
img_26.jpg,0.07766458,0.1725967,0.024741337,0.54175955,0.028649269,0.0035310956,0.09545985,0.0038449618,0.00083149836,0.050921246
img_26011.jpg,0.015061234,0.01746145,0.006403039,0.030381558,0.17478804,0.10308017,0.093926065,0.054082856,0.37822273,0.12659283
img_26063.jpg,0.4185306,0.09262736,0.09996904,0.013672001,0.0084828865,0.0042002886,0.2571208,0.008626384,0.007380613,0.08939018
img_26130.jpg,0.23257284,0.6051829,0.004245982,0.08332583,0.0065929843,0.0012995561,0.027661972,0.013599368,0.0014200087,0.024098461
img_26230.jpg,0.064097494,0.64886683,0.02207615,0.13916871,0.0022909276,0.0016659383,0.047036085,0.05497213,0.0006863246,0.019139322
img_26244.jpg,0.024061421,0.018649241,0.092425615,0.01710502,0.16847031,0.21693926,0.0069513526,0.07606225,0.37328,0.0060554775
img_26289.jpg,0.546734,0.065116584,0.0013135512,0.021592805,0.001378692,0.0027895158,0.33331195,0.008952436,0.0011962586,0.017614255
img_26317.jpg,0.015630672,0.010888738,0.7310001,0.0016513979,0.010705279,0.14619927,0.009441593,0.036799293,0.03167487,0.006008741
img_26326.jpg,0.012902287,0.015703049,0.007508263,0.9478973,0.00050114165,0.00026624295,0.0034081566,0.0015866315,0.00048052397,0.009746525
img_26563.jpg,0.05481844,0.013612706,0.0007722431,0.013151327,0.004553819,0.01821946,0.03800213,0.8456132,0.002805766,0.008450896
img_26706.jpg,0.5390523,0.011769808,0.0009616471,0.005850866,0.0011030113,0.0022908868,0.4252731,0.0015986015,0.001605449,0.010494395
img_26825.jpg,0.100008674,0.021779489,0.00924175,0.6139515,0.014129202,0.005708033,0.101438336,0.0068666777,0.0017728709,0.12510335
img_26873.jpg,0.06893337,0.07864406,0.029894263,0.053257383,0.23571715,0.1413596,0.07162401,0.060586754,0.059895642,0.20008774
img_26988.jpg,0.112446636,0.031933587,0.054419976,0.5950025,0.000884933,0.00034967717,0.15341368,0.0041447286,0.00020253778,0.047201667
img_27012.jpg,0.0024601873,0.0036253242,0.0030270356,0.0063352864,0.11310997,0.1477059,0.0002770399,0.0076304465,0.71507746,0.0007512691
img_27236.jpg,0.38892052,0.07609258,0.087990224,0.007498423,0.0033759736,0.002335471,0.34556144,0.0031670227,0.0048763235,0.080182
img_27418.jpg,0.68242884,0.014907702,0.00092585455,0.005770351,0.0010008818,0.0015573462,0.28417987,0.002475828,0.00069963455,0.00605375
img_27426.jpg,0.12692218,0.030022835,0.00842853,0.4940479,0.008037449,0.003143167,0.2053509,0.0069074635,0.00093232526,0.116207294
img_27556.jpg,0.003239336,0.0007011531,0.0076400703,0.00068169564,0.030003352,0.35743618,0.0010724681,0.019175915,0.5792209,0.00082901417
img_27761.jpg,0.17707169,0.0059298878,0.00898359,0.01559251,0.0006859897,0.003107255,0.67105323,0.0024675205,0.00012336872,0.1149849
img_27845.jpg,0.13013704,0.030098805,0.0063168537,0.057148732,0.046349548,0.0016700351,0.097568475,0.0025481232,0.002165211,0.6259972
img_28073.jpg,0.09764101,0.06304729,0.1533768,0.05175157,0.018741237,0.014396275,0.01895756,0.569526,0.0020033868,0.010558902
img_28079.jpg,0.02823246,0.032524507,0.03858078,0.017452026,0.06362764,0.5113089,0.022670133,0.12230855,0.1341051,0.029189916
img_28231.jpg,0.0071967235,0.0063278037,0.008727249,0.95080775,0.0044220397,0.00093723205,0.00086602947,0.0019243329,0.0021960617,0.01659461
img_28329.jpg,0.04260758,0.10098093,0.0354683,0.01729934,0.022070313,0.29096842,0.029025933,0.4458075,0.011851087,0.003920454
img_28393.jpg,0.005045293,0.0071613486,0.044112913,0.00239721,0.050300024,0.21622334,0.0040227612,0.01785843,0.6486736,0.004205026
img_28406.jpg,0.58324915,0.052004907,0.0015318005,0.014355658,0.0017881795,0.005500799,0.24333815,0.09000849,0.0004804801,0.0077423886
img_28622.jpg,0.0019313805,0.0018938653,0.006013935,0.0016475574,0.004413545,0.5939468,0.0016876643,0.01382426,0.37437096,0.000270056
img_2866.jpg,0.7042299,0.11331275,0.0033309858,0.011891702,0.0046173334,0.0011754471,0.10618071,0.009927483,0.000745246,0.044588335
img_28733.jpg,0.11491955,0.030011607,0.0008667743,0.018484168,0.0037773869,0.010480431,0.063932225,0.74515104,0.0013723912,0.01100444
img_28842.jpg,0.0872692,0.08247591,0.012369691,0.00626092,0.014741018,0.08511744,0.07122999,0.61973155,0.012983646,0.007820615
img_28909.jpg,0.30330747,0.43857005,0.004923814,0.10957381,0.011184183,0.0035102153,0.06368135,0.025101747,0.00273248,0.03741475
img_2902.jpg,0.093297616,0.6855112,0.023540178,0.06646797,0.0036390368,0.0015166415,0.04741718,0.061326157,0.00061006885,0.016673978
img_29031.jpg,0.030699853,0.0016070097,0.8750448,0.07915182,0.0053549185,0.0005320908,0.0003693881,0.0006729197,0.0015406451,0.005026546
img_29184.jpg,0.058028035,0.62138367,0.03849582,0.170253,0.0026741796,0.0008947851,0.027141577,0.056553137,0.00042371004,0.024152115
img_29378.jpg,0.09512732,0.007994749,0.01850871,0.008091279,0.0005654568,0.004510436,0.7692153,0.0022933753,0.00014102663,0.09355235
img_2956.jpg,0.012558572,0.015328261,0.019533558,0.008214026,0.16037293,0.15744981,0.0031230832,0.01924018,0.59953934,0.004640314
img_29601.jpg,0.43687,0.38806733,0.035159033,0.06522324,0.024693556,0.002088707,0.010562071,0.017483927,0.0035329584,0.016319087
img_2974.jpg,0.010101109,0.026812308,0.003333703,0.94630146,0.00075877144,0.000575324,0.0014819559,0.003138553,0.0014722943,0.0060245935
img_29859.jpg,0.11425949,0.022782259,0.0071113016,0.59819865,0.015231405,0.0065779765,0.09416347,0.009386368,0.002142907,0.13014612
img_29907.jpg,0.07934247,0.11026389,0.00500296,0.7105834,0.012654955,0.009581022,0.027762419,0.028117038,0.0052074124,0.01148452
img_2998.jpg,0.45240483,0.033281982,0.0031997226,0.06105256,0.0029602025,0.005037573,0.03660477,0.40089965,0.00033443462,0.004224188
img_30072.jpg,0.003569031,0.0031702262,0.004155938,0.002248102,0.010684456,0.47889993,0.0017572151,0.04319298,0.45167065,0.00065140595
img_3013.jpg,0.026631609,0.008612647,0.006075273,0.008371839,0.02713947,0.0026287625,0.036823414,0.0024040742,0.008117423,0.8731956
img_3014.jpg,0.24717675,0.040253133,0.0017717835,0.004798778,0.00464198,0.003734755,0.6091221,0.052668188,0.0014134211,0.03441924
img_30205.jpg,0.09795374,0.03075871,0.03376479,0.67603666,0.000930514,0.00043567814,0.11231932,0.0042516417,0.00024045545,0.04330845
img_30212.jpg,0.0054391976,0.018112548,0.08331152,0.0045543755,0.018724488,0.63134205,0.012307579,0.072804436,0.14929745,0.004106384
img_30318.jpg,0.17733186,0.11454244,0.0019560177,0.018763645,0.012424824,0.015733555,0.46280372,0.13501824,0.009456974,0.05196872
img_3039.jpg,0.5833713,0.041672334,0.012249456,0.033670854,0.0030044732,0.018373406,0.2411503,0.027807262,0.0011821263,0.037518438
img_30504.jpg,0.507375,0.06150381,0.069171734,0.034426622,0.008963984,0.0050644656,0.19993232,0.016623104,0.013726957,0.083211966
img_3055.jpg,0.07729167,0.0046892143,0.003311319,0.0058209472,0.003053442,0.0027928904,0.46293977,0.0007494608,0.0017869326,0.43756428
img_30760.jpg,0.028008407,0.15477625,0.0857007,0.6732093,0.0038778349,0.00069235615,0.0059727905,0.015298606,0.00069308875,0.03177072
img_30856.jpg,0.6809925,0.032549374,0.0023575511,0.009128002,0.007620701,0.010956508,0.12888783,0.117924474,0.000893941,0.0086891595
img_30869.jpg,0.50830156,0.3379721,0.0401966,0.019343346,0.009897042,0.003150039,0.0447883,0.016058864,0.0031704379,0.017121678
img_30943.jpg,0.6535741,0.06553605,0.001669728,0.040681515,0.0017538286,0.003474073,0.20856835,0.009584689,0.0008807941,0.0142768165
img_30964.jpg,0.00087463314,0.0004877998,0.00081049686,0.00037791306,0.008141251,0.31252447,0.00035370523,0.014796349,0.6615203,0.00011310593
img_31003.jpg,0.23331195,0.16172227,0.0076490566,0.012407247,0.004368719,0.007696491,0.121385954,0.44077268,0.0007421197,0.009943562
img_31004.jpg,0.46321753,0.026827637,0.0037547213,0.01388124,0.012785166,0.0055855354,0.32914057,0.006779343,0.0051814313,0.1328468
img_31158.jpg,0.121077485,0.08748505,0.014135264,0.5399082,0.01945058,0.018322686,0.05476636,0.03265409,0.0066895117,0.10551082
img_31174.jpg,0.1872536,0.3907418,0.01193787,0.11563326,0.0036127835,0.0028984675,0.11108935,0.1523357,0.0005168311,0.023980184
img_31258.jpg,0.81732583,0.05854753,0.000644263,0.007917873,0.000407351,0.0007965599,0.0955357,0.016689068,0.00012323644,0.002012622
img_31431.jpg,0.31701523,0.11559031,0.0068479856,0.017628599,0.0048678955,0.0050110607,0.082560435,0.4420928,0.0003677621,0.008017903
img_31439.jpg,0.14376627,0.08992425,0.07153397,0.6220734,0.00225896,0.0036386664,0.021312345,0.020381805,0.0034531397,0.021657124
img_31657.jpg,0.008777263,0.0049498803,0.0041154446,0.007859885,0.032102205,0.0018147009,0.019743962,0.002417522,0.0071982606,0.9110208
img_3171.jpg,0.08338814,0.32512978,0.02490207,0.321211,0.038751103,0.0032984691,0.13583267,0.0043104463,0.0012388774,0.061937403
img_31811.jpg,0.047825996,0.031430967,0.2012411,0.011127258,0.02124902,0.43103155,0.053346213,0.075840555,0.09922765,0.027679633
img_31856.jpg,0.07621113,0.53167534,0.03425762,0.2762451,0.0066636326,0.0010177332,0.023193032,0.017904326,0.001082222,0.03174992
img_31910.jpg,0.0027617512,0.0032748412,0.14293742,0.0023377086,0.021532798,0.48135215,0.007916645,0.033524197,0.30007872,0.0042837337
img_32358.jpg,0.6178009,0.05809964,0.0051266844,0.032692708,0.0089386245,0.012527269,0.0795476,0.17707121,0.0011049471,0.00709038
img_32418.jpg,0.0016491532,0.001617902,0.0067280116,0.0018972895,0.006439204,0.40194437,0.0016359315,0.008993953,0.56867063,0.00042356603
img_32854.jpg,0.7794256,0.0295636,0.0021547873,0.008470644,0.00083391083,0.0012318715,0.15722656,0.0049097366,0.0004497363,0.01573344
img_33236.jpg,0.017293349,0.0062463908,0.00305426,0.0028249982,0.0029784294,0.0010002778,0.100834645,0.00044607298,0.0010262267,0.8642953
img_33256.jpg,0.4077949,0.21234094,0.018532636,0.03961733,0.012363252,0.014480406,0.19266689,0.051954094,0.0012086366,0.049040932
img_3343.jpg,0.62919617,0.17406659,0.004515463,0.017357947,0.009727316,0.0015669758,0.092775226,0.017476063,0.0011329646,0.052185405
img_33558.jpg,0.1565093,0.09790732,0.0027900408,0.11017697,0.0036501312,0.003611971,0.07524744,0.5444998,0.0007009317,0.004906046
img_33672.jpg,0.001796547,0.0017876154,0.005756068,0.0011597034,0.0040565715,0.6166165,0.0012745854,0.012026244,0.35533896,0.00018720716
img_33838.jpg,0.069008924,0.023694916,0.02802591,0.7473695,0.00085699535,0.00031398973,0.086759925,0.0025597846,0.00018859166,0.041221544
img_34184.jpg,0.12513115,0.41625845,0.007246074,0.051777147,0.0335444,0.00973218,0.24000604,0.012471451,0.0024369452,0.1013961
img_3430.jpg,0.7322968,0.025942963,0.0012713644,0.007294683,0.0041466453,0.006387995,0.16032921,0.0549849,0.00058799994,0.006757409
img_34328.jpg,0.06076245,0.16932964,0.014583426,0.6739354,0.008782581,0.0023722874,0.02850144,0.0044852346,0.0014073821,0.03584002
img_34440.jpg,0.8617248,0.0152493585,0.03658621,0.04503714,0.0034251802,0.00040235833,0.014716827,0.008130382,0.00039308175,0.014334698
img_34498.jpg,0.0028357345,0.0028624611,0.0049976204,0.004983143,0.016001943,0.39762664,0.0035275135,0.029603703,0.53624773,0.001313569
img_34499.jpg,0.07300491,0.019524595,0.0071870685,0.7266696,0.008004144,0.003283856,0.07083469,0.0047478327,0.00125935,0.08548388
img_34712.jpg,0.008012216,0.043052386,0.022642579,0.009301008,0.33790112,0.09670328,0.022421477,0.04802999,0.37436476,0.037571188
img_34735.jpg,0.0067139184,0.0042730425,0.003348703,0.0051542954,0.03392298,0.0019964827,0.014469648,0.006150195,0.0017804496,0.9221902
img_34869.jpg,0.33782253,0.014531298,0.0029337376,0.0066039134,0.00916588,0.0059472444,0.42937788,0.004522024,0.004451762,0.18464378
img_34916.jpg,0.6417063,0.20164135,0.025300505,0.05177181,0.013867065,0.00072755874,0.019148687,0.016670225,0.004865743,0.024300877
img_35039.jpg,0.5874843,0.08788203,0.0020495001,0.028177831,0.0014124978,0.0029812998,0.22431238,0.050453205,0.00067619217,0.014570811
img_35083.jpg,0.5564466,0.055671822,0.0028279866,0.023671588,0.002854949,0.0051432233,0.3168521,0.013774655,0.0019003657,0.020856716
img_35212.jpg,0.31321082,0.042282466,0.004847704,0.036207125,0.0028682689,0.0041665463,0.035811067,0.55454886,0.00034708687,0.005710071
img_35237.jpg,0.21568504,0.22093518,0.10654415,0.13592204,0.015280267,0.06894566,0.045351587,0.14000672,0.018140506,0.033188954
img_35243.jpg,0.10177476,0.028495297,0.005328445,0.6649152,0.0059572235,0.0045324275,0.10804733,0.0076021524,0.0014463172,0.07190082
img_35467.jpg,0.11866648,0.06352681,0.0046284054,0.16849223,0.001147317,0.0023951083,0.5586193,0.012551234,0.0005696841,0.06940356
img_35520.jpg,0.003260682,0.0010713988,0.0022573033,0.003186552,0.020130528,0.5695496,0.0012958086,0.07544833,0.32244417,0.0013556712
img_35617.jpg,0.034222182,0.0034447578,0.0020795548,0.0040973085,0.002419368,0.0013888062,0.2239982,0.00041830342,0.0006879558,0.7272436
img_35638.jpg,0.09620856,0.11182457,0.37033674,0.08701874,0.017034587,0.010762264,0.029883847,0.26147124,0.002296742,0.013162592
img_35790.jpg,0.028001675,0.05813894,0.025876813,0.018354641,0.13211563,0.23248078,0.07776125,0.042873356,0.2520343,0.13236256
img_35959.jpg,0.32263198,0.42907003,0.1074253,0.04304817,0.026874723,0.0036194809,0.018875755,0.021448053,0.006306866,0.020699712
img_3636.jpg,0.0072741704,0.020740662,0.07163136,0.0053906543,0.041788716,0.44455665,0.008437804,0.039592806,0.35368568,0.0069016
img_36457.jpg,0.1675906,0.22983159,0.030917473,0.44234094,0.0024565333,0.008904062,0.044236805,0.04567201,0.0040748063,0.023975074
img_36460.jpg,0.002108691,0.0019291493,0.0039315685,0.0016391905,0.0060509574,0.49962986,0.0015554016,0.016069982,0.46674886,0.00033634916
img_36631.jpg,0.4895605,0.10642057,0.009765347,0.14030246,0.0076825526,0.0046158903,0.20302302,0.009096333,0.0020364076,0.027496867
img_36833.jpg,0.090575054,0.4176081,0.044189572,0.078170344,0.008602012,0.057001542,0.08174926,0.20642065,0.0056063603,0.010077038
img_36892.jpg,0.7165605,0.041180544,0.0021753053,0.009352098,0.0008609634,0.0011040765,0.20407107,0.0044813333,0.00039839695,0.0198157
img_36909.jpg,0.028241057,0.052462824,0.029752703,0.028241958,0.30039838,0.14960623,0.06503013,0.045428693,0.13121948,0.16961855
img_36969.jpg,0.70400494,0.12124989,0.0023957335,0.032886993,0.003497001,0.0028087888,0.08942356,0.037729416,0.00052377983,0.0054798895
img_37031.jpg,0.113768615,0.052391108,0.011108541,0.6576502,0.0038545989,0.0061488906,0.09041406,0.015773822,0.0016914434,0.047198676
img_37528.jpg,0.09944598,0.16935402,0.010923383,0.024112882,0.029885475,0.008782074,0.38455552,0.008829971,0.001331309,0.2627794
img_37597.jpg,0.016491638,0.019907543,0.0064584524,0.036373533,0.15811093,0.07651028,0.12141517,0.040104818,0.32218298,0.20244463
img_37699.jpg,0.05303858,0.7175528,0.027299657,0.06048876,0.0025109695,0.0017564483,0.046982363,0.07579726,0.0005181481,0.014054914
img_37874.jpg,0.0020788158,0.0004548955,0.0020680884,0.0016091074,0.008295141,0.7051556,0.0007445552,0.023823606,0.25549713,0.0002731133
img_37882.jpg,0.54211557,0.031559784,0.0053472975,0.006431985,0.015890278,0.007206553,0.23363258,0.008848312,0.0062098396,0.14275774
img_37918.jpg,0.10759566,0.030627122,0.64832103,0.014335877,0.015478307,0.06322828,0.028048042,0.04341138,0.02462464,0.024329554
img_37938.jpg,0.02708387,0.05816594,0.026032938,0.017916849,0.13194528,0.23139392,0.07834241,0.04217872,0.25537243,0.13156766
img_37947.jpg,0.0054676803,0.005777368,0.010915467,0.0015877612,0.05184577,0.316607,0.0020799893,0.067044005,0.5369563,0.0017186633
img_38109.jpg,0.49695808,0.3322069,0.019155247,0.029772192,0.009717957,0.004366159,0.055974297,0.031251986,0.0012396317,0.019357676
img_3813.jpg,0.6097779,0.03686073,0.0036910025,0.025081197,0.012173227,0.001463799,0.144131,0.009221005,0.0005541397,0.15704605
img_38192.jpg,0.28108352,0.035800017,0.009500027,0.07480549,0.0022635926,0.0047529745,0.5093589,0.009582211,0.0004917544,0.07236151
img_38207.jpg,0.6123088,0.010802694,0.0021020514,0.2573883,0.01076183,0.0050612283,0.067832954,0.004936414,0.0024401993,0.026365504
img_38371.jpg,0.018089391,0.0063304147,0.0038222366,0.0039341524,0.0040755537,0.0016525878,0.09299959,0.00063148217,0.0025340477,0.8659305
img_38476.jpg,0.003589491,0.0026357637,0.004287706,0.98640764,0.00015990726,4.1014388e-05,0.00021305976,0.00034002916,0.00015937744,0.0021659874
img_38563.jpg,0.009958051,0.024616264,0.05375461,0.006849493,0.024800655,0.5305153,0.050137404,0.05632782,0.23044023,0.012600197
img_38634.jpg,0.011404746,0.025924439,0.003272846,0.9439862,0.0009843326,0.00076693617,0.0011949587,0.0039042805,0.0023716672,0.0061896257
img_38733.jpg,0.0029827543,0.0021849056,0.021607881,0.0024899454,0.0039592045,0.78445727,0.002074096,0.010628702,0.1693405,0.00027479063
img_38735.jpg,0.02089597,0.0081662955,0.0048115375,0.03465592,0.046529222,0.0828394,0.17194755,0.038740385,0.03961008,0.5518036
img_38969.jpg,0.020160556,0.019942082,0.014920184,0.029835915,0.03975253,0.21696459,0.2180256,0.03419736,0.10856451,0.2976366
img_39008.jpg,0.028920893,0.008248138,0.0059155133,0.007501773,0.024576752,0.0023954445,0.035362512,0.0017398492,0.007839457,0.87749964
img_39013.jpg,0.0019480896,0.0017911162,0.008508617,0.0023086288,0.0065068733,0.46850786,0.0020696102,0.011126241,0.49672306,0.00050996646
img_39081.jpg,0.14400643,0.3831253,0.0064185634,0.4168448,0.004743857,0.001782312,0.014783061,0.009208226,0.001231143,0.017856305
img_39145.jpg,0.06285943,0.06832041,0.025468886,0.03342068,0.064229734,0.366209,0.022515012,0.26739386,0.043020062,0.04656292
img_392.jpg,0.025233548,0.04125548,0.048010368,0.013910787,0.035029612,0.42234764,0.049978226,0.044617224,0.28271496,0.036902145
img_39245.jpg,0.25856495,0.11486446,0.16111441,0.24346282,0.0065250196,0.015156072,0.09197781,0.047907393,0.004671322,0.055755682
img_39308.jpg,0.0015656026,0.001215025,0.008948713,0.00024127332,0.018342525,0.16353886,0.000880588,0.00882837,0.7960517,0.0003873963
img_39315.jpg,0.65212184,0.16063766,0.0030052508,0.03611218,0.0026300002,0.005630586,0.11358564,0.01800409,0.0011997181,0.007073067
img_3963.jpg,0.13063331,0.09483705,0.009353961,0.47705686,0.03211924,0.02303643,0.052882914,0.036573067,0.008131352,0.13537574
img_397.jpg,0.6382402,0.015156856,0.0012941768,0.006261218,0.0014205322,0.00202154,0.3220775,0.0024252338,0.0011430641,0.009959659
img_39861.jpg,0.10044984,0.029541433,0.03332857,0.61863655,0.0008652967,0.0003701949,0.16721913,0.003925818,0.00016877624,0.045494307
img_39940.jpg,0.019743709,0.0043157716,0.006160775,0.018572818,0.13761546,0.3414758,0.038417824,0.10724636,0.16699839,0.15945297
img_39989.jpg,0.088654,0.027225273,0.034821358,0.682226,0.00082439673,0.00025673528,0.11541655,0.003206499,0.00016700619,0.04720222
img_40030.jpg,0.0006793854,0.00063004397,0.0007379256,0.00035916493,0.00760151,0.22488168,0.0003683296,0.011053209,0.7535697,0.000119010794
img_40075.jpg,0.052091423,0.08898015,0.0100689875,0.8135873,0.0013558747,0.001517259,0.007874654,0.010985256,0.001968228,0.01157088
img_40199.jpg,0.090913214,0.1963788,0.010016448,0.039604004,0.05766543,0.013280935,0.3006289,0.018156942,0.0035695627,0.2697858
img_40239.jpg,0.15200649,0.16216916,0.073831595,0.5043108,0.0026581571,0.0072071347,0.0338044,0.031629514,0.0050171744,0.027365597
img_4033.jpg,0.75157726,0.028057693,0.0030299395,0.036163732,0.0074973633,0.0011436858,0.08614333,0.0098084,0.0006055789,0.075972944
img_40336.jpg,0.5469191,0.08812252,0.0011726343,0.013703283,0.00048914616,0.0009986339,0.33673456,0.0061354837,0.0002454232,0.0054791723
img_40353.jpg,0.24718904,0.34460104,0.009463914,0.32314992,0.0074640713,0.0029079234,0.02973576,0.013169649,0.001420761,0.020897886
img_40560.jpg,0.0021863803,0.0032483775,0.002174483,0.00620344,0.112213105,0.13753583,0.00022084446,0.0065875854,0.7289891,0.0006408436
img_40608.jpg,0.089014,0.068872824,0.006672511,0.72539127,0.0016056262,0.00457456,0.06537811,0.012845127,0.0013042885,0.024341734
img_40658.jpg,0.0019158243,0.0016993046,0.008353978,0.002257099,0.0063158413,0.47090098,0.0018835202,0.009621323,0.49661884,0.00043328566
img_40911.jpg,0.16290303,0.21160829,0.04638778,0.44953483,0.0030043002,0.010973349,0.03790974,0.046381254,0.0051191426,0.026178183
img_40917.jpg,0.012577192,0.0034455105,0.0070384466,0.010031853,0.04799394,0.4687539,0.09209444,0.07641122,0.14937247,0.13228102
img_40937.jpg,0.5035689,0.06993364,0.01821916,0.005281523,0.0012767622,0.0011541551,0.34433186,0.0016323607,0.0016011697,0.053000394
img_40945.jpg,0.0032510913,0.0010429454,0.0087009445,0.00075255416,0.03432093,0.29604658,0.0012078158,0.01664418,0.6370709,0.0009620845
img_40965.jpg,0.002327785,0.00507127,0.06470817,0.0015559621,0.0273829,0.26377478,0.007862521,0.018561214,0.604792,0.003963392
img_41155.jpg,0.42966375,0.3525997,0.035311017,0.09125651,0.036447145,0.0017997604,0.01045561,0.0117500955,0.008577595,0.022138719
img_41268.jpg,0.08273801,0.11606539,0.052300874,0.021479141,0.029380353,0.12237055,0.050428823,0.50779927,0.008688957,0.008748642
img_41412.jpg,0.043543927,0.0023520926,0.0074347234,0.0049886606,0.019676441,0.0078082043,0.09028982,0.0020726393,0.011088963,0.81074446
img_41432.jpg,0.020185815,0.008769476,0.0048292005,0.031178797,0.10967274,0.1657185,0.09535419,0.07000155,0.062451404,0.43183836
img_41461.jpg,0.032624964,0.055658862,0.0154865,0.8195264,0.008680661,0.0011019511,0.035080705,0.0013774362,0.00033837475,0.030124173
img_41554.jpg,0.7211307,0.029412718,0.0013032953,0.003859629,0.0037405898,0.006323097,0.19707987,0.031176317,0.00057273475,0.005400921
img_41583.jpg,0.121893555,0.0031372039,0.0013689303,0.8350581,0.00063432066,0.000277724,0.0076959897,0.0032320237,0.00023486836,0.026467381
img_41655.jpg,0.6773976,0.012927737,0.002484939,0.16245906,0.010915677,0.006946981,0.09514759,0.005589431,0.0033374059,0.022793528
img_41659.jpg,0.6398448,0.18403871,0.003549571,0.06611653,0.0028062807,0.0024771139,0.056786284,0.034591362,0.000595744,0.009193774
img_41685.jpg,0.0018581232,0.0018543712,0.0074359276,0.002090827,0.006574978,0.43435743,0.0019145192,0.01089452,0.5325278,0.0004913967
img_41902.jpg,0.020193605,0.0074088145,0.828836,0.0011677654,0.0065968395,0.08130723,0.0102073,0.021915693,0.017210755,0.005155944
img_42067.jpg,0.026276223,0.009914664,0.0052465275,0.01028733,0.02993211,0.0012307109,0.040501714,0.0018638865,0.0014905583,0.87325627
img_42241.jpg,0.103878945,0.017132042,0.001922215,0.01085571,0.0067402227,0.015698574,0.7139859,0.006381177,0.009098919,0.11430621
img_42351.jpg,0.5483181,0.23614556,0.035352245,0.10431136,0.016610466,0.00049272086,0.010944348,0.011808806,0.0059859916,0.030030463
img_42381.jpg,0.21638969,0.03279011,0.4401877,0.031794704,0.14249232,0.011733648,0.08734176,0.016027136,0.0012693609,0.019973664
img_42648.jpg,0.8886882,0.016560446,0.024871804,0.02534644,0.0032181395,0.00050166104,0.016139261,0.009570189,0.00069097505,0.01441298
img_42677.jpg,0.24162711,0.04277032,0.0022285297,0.017087203,0.005575622,0.0052403677,0.27265745,0.0021442918,0.008913953,0.401755
img_42796.jpg,0.4710192,0.27232715,0.14164789,0.023737619,0.03612834,0.0025844711,0.015796011,0.010216883,0.008202485,0.01833991
img_42881.jpg,0.009442087,0.021377528,0.0032506785,0.95215803,0.00089876336,0.000655813,0.001005872,0.003230931,0.002138675,0.005841537
img_42897.jpg,0.4030954,0.09015551,0.043523133,0.008472439,0.0066556805,0.0043097194,0.30805317,0.0058053317,0.007580843,0.122348905
img_43230.jpg,0.24796638,0.12771915,0.17589223,0.31796318,0.05948055,0.0021464818,0.004760425,0.00868599,0.016611451,0.03877422
img_4327.jpg,0.44765255,0.22933017,0.004204097,0.0654593,0.002698209,0.0024943503,0.13853869,0.09205821,0.00045075084,0.017113661
img_43398.jpg,0.22414567,0.11332071,0.12253712,0.4220365,0.0022438539,0.0049810447,0.05031346,0.027420416,0.0034618573,0.029539278
img_43441.jpg,0.16595691,0.5011643,0.012069308,0.15401983,0.0033660603,0.0014350336,0.0652864,0.06565496,0.0005657647,0.030481424
img_43511.jpg,0.61848146,0.027056875,0.003492248,0.15479073,0.0060012112,0.0037509718,0.033209227,0.14609142,0.00030203076,0.0068237674
img_43522.jpg,0.016367275,0.017889868,0.0053859674,0.037630167,0.04213796,0.02245047,0.18339264,0.0065402985,0.1692182,0.49898714
img_43627.jpg,0.014650576,0.032541398,0.004391678,0.93589073,0.00040794874,0.00032805873,0.0027948928,0.0029285657,0.0006150621,0.00545104
img_43787.jpg,0.0059974957,0.0045882766,0.007471033,0.0056546535,0.014366164,0.6280019,0.0031130833,0.090985544,0.23844875,0.00137315
img_43981.jpg,0.3950214,0.09901484,0.009430046,0.032166246,0.00834396,0.011706369,0.075951986,0.35984656,0.0009942962,0.0075243185
img_44088.jpg,0.47298673,0.23384242,0.046133935,0.15061793,0.020876642,0.00048732333,0.012152222,0.010765404,0.0086050285,0.043532386
img_44157.jpg,0.529241,0.044241276,0.002025125,0.027055282,0.0027968066,0.006722185,0.06698298,0.31488076,0.00046473357,0.0055898987
img_44267.jpg,0.3562488,0.32015735,0.0505252,0.17386101,0.04108414,0.0020843996,0.0074909073,0.012952289,0.01008633,0.0255096
img_44361.jpg,0.30341694,0.12431156,0.03251298,0.005817375,0.0018450441,0.001657483,0.44587076,0.0023520587,0.0038889835,0.0783268
img_44430.jpg,0.13973668,0.14084855,0.06853929,0.5526206,0.0025917348,0.007138611,0.027142478,0.029725417,0.005672661,0.025983976
img_44437.jpg,0.3308305,0.016439648,0.0012446424,0.004834317,0.0015859053,0.0021523538,0.5919462,0.0026893097,0.0020663699,0.046210803
img_44509.jpg,0.024180533,0.03164584,0.009042377,0.9047095,0.0007148625,0.00058165425,0.011440554,0.003045441,0.00062120677,0.014017988
img_44670.jpg,0.0017241911,0.0019380972,0.00573827,0.0017625518,0.00643546,0.3948036,0.0016109061,0.009621673,0.5759559,0.0004093398
img_44770.jpg,0.007945241,0.0015218884,0.016848285,0.002788925,0.08101699,0.4312052,0.0042815055,0.0344789,0.411351,0.008562041
img_448.jpg,0.28056568,0.092530824,0.0041026855,0.019080294,0.02608899,0.008436541,0.22971083,0.011373498,0.015051468,0.3130591
img_44905.jpg,0.051441755,0.0359231,0.0007416127,0.036792886,0.009963875,0.028591717,0.03686258,0.7779031,0.007141054,0.014638392
img_44971.jpg,0.20853841,0.08616532,0.14111038,0.3489266,0.100137904,0.005536947,0.057746235,0.009190883,0.0011992316,0.041448075
img_45096.jpg,0.5333998,0.04307167,0.0061260066,0.0066858036,0.017748047,0.0062367474,0.21791431,0.012948053,0.0055439156,0.15032566
img_45725.jpg,0.007863157,0.024286313,0.0048946044,0.9443928,0.0026775966,0.00044530362,0.004528943,0.0025690591,0.0003066341,0.008035442
img_45976.jpg,0.06941379,0.06442951,0.0057289107,0.7233435,0.010109606,0.008289671,0.027472457,0.020504931,0.004478429,0.06622907
img_46040.jpg,0.39955598,0.012938149,0.010061684,0.023510015,0.042844888,0.009549717,0.0334537,0.43750313,0.0018067289,0.028775979
img_46089.jpg,0.0022789424,0.002046687,0.008213505,0.003521973,0.009529103,0.47307497,0.0027405398,0.019894088,0.47800174,0.00069835666
img_46154.jpg,0.66085166,0.04635715,0.0017181374,0.009206013,0.0029897653,0.0061307983,0.1609221,0.10693629,0.00043924747,0.004448878
img_462.jpg,0.011455696,0.0023870517,0.0015208293,0.0025956475,0.0013278483,0.00064953195,0.10221905,0.0002244183,0.00043976234,0.87718016
img_46487.jpg,0.83553666,0.012611258,0.07297628,0.0403833,0.0040714997,0.0003277366,0.013693857,0.006748189,0.00034598206,0.013305302
img_46685.jpg,0.69127625,0.068296514,0.017368939,0.0073389,0.0023858538,0.002352898,0.1733852,0.0045517865,0.0016000825,0.031443574
img_46850.jpg,0.09694966,0.06819771,0.030515898,0.024245085,0.006613075,0.03873538,0.63200146,0.023224303,0.009762367,0.069755025
img_47006.jpg,0.009426142,0.04405089,0.0035845272,0.92788976,0.0013350402,0.00043776204,0.0030407405,0.0033412168,0.00026475603,0.0066291285
img_47196.jpg,0.04209721,0.033168186,0.014374745,0.026597263,0.19219846,0.07259299,0.105802454,0.0814959,0.16038993,0.27128276
img_47259.jpg,0.6924193,0.021017404,0.00295809,0.045934718,0.008308428,0.0064221364,0.053868882,0.16049957,0.00058733905,0.00798404
img_47284.jpg,0.021390049,0.0048911055,0.005030015,0.029469116,0.121720225,0.2292754,0.06745321,0.08841471,0.13308014,0.299276
img_47484.jpg,0.009176367,0.008313092,0.008307782,0.011923569,0.09573356,0.35185754,0.0074161543,0.33408314,0.16398302,0.009205718
img_47685.jpg,0.06177652,0.037124388,0.0033576307,0.80140287,0.0028116638,0.0037915132,0.04399895,0.0089391135,0.0016540485,0.035143312
img_47698.jpg,0.03530293,0.031489987,0.111158915,0.0132313445,0.022099832,0.528811,0.042256013,0.07484976,0.11708313,0.023717072
img_48138.jpg,0.60832244,0.30292377,0.016183693,0.0138111515,0.006169688,0.0010498251,0.030223208,0.0072399257,0.0011749155,0.012901523
img_4823.jpg,0.1353214,0.22065932,0.0025053225,0.113213874,0.0040556467,0.002907292,0.01757178,0.49043506,0.00091936707,0.012410814
img_4842.jpg,0.02026791,0.06814506,0.030734083,0.015866341,0.11827761,0.20633481,0.12537114,0.0329321,0.21917872,0.16289212
img_48601.jpg,0.5648711,0.28064567,0.018162437,0.02502264,0.0093144905,0.0029602137,0.05504876,0.02527088,0.001053615,0.0176502
img_4863.jpg,0.0006810757,0.0019220242,0.022663359,0.00059743115,0.0091412235,0.06813031,0.0083316015,0.0015022118,0.88392043,0.0031103052
img_48760.jpg,0.005530735,0.0031026031,0.007881071,0.9795309,0.00021426588,6.0255414e-05,0.0003085052,0.00046894467,0.00018645165,0.002716435
img_48896.jpg,0.48640895,0.33779317,0.016636465,0.03221904,0.021075653,0.0039165006,0.044502143,0.033555694,0.0012886943,0.022603657
img_49270.jpg,0.5635544,0.052629497,0.0021846478,0.036791444,0.0018545137,0.0034239898,0.30688623,0.0072246385,0.0012410476,0.024209544
img_49684.jpg,0.5390156,0.31974357,0.036805645,0.028754035,0.022097101,0.0023550158,0.019272419,0.010615185,0.0038707065,0.017470742
img_49783.jpg,0.016948244,0.023250869,0.47358176,0.0069198585,0.09770553,0.12091287,0.009186901,0.05997956,0.1853349,0.006179481
img_50077.jpg,0.8830199,0.024202742,0.001451333,0.00709942,0.0014181369,0.0010938141,0.06506609,0.010041348,0.00022730019,0.0063798786
img_5008.jpg,0.40584674,0.3816914,0.0057790973,0.06830212,0.003031933,0.0020843178,0.07443759,0.040995125,0.0007131419,0.017118432
img_50085.jpg,0.3576758,0.070164785,0.003376319,0.0084772855,0.0029172245,0.005340009,0.48658144,0.03760155,0.0029784674,0.024887072
img_50162.jpg,0.20199858,0.21274833,0.009028801,0.46912557,0.0015832346,0.003015753,0.04910447,0.03163109,0.0014132933,0.020350976
img_50182.jpg,0.54677093,0.30808893,0.01987717,0.03250633,0.018033424,0.0025777235,0.026812967,0.025694368,0.0024288348,0.017209444
img_50265.jpg,0.1343967,0.11280636,0.080692925,0.064866185,0.016760817,0.024456633,0.038802516,0.51240504,0.0027029724,0.012109798
img_50282.jpg,0.060205746,0.6271616,0.044607237,0.11716611,0.0027784964,0.0012192591,0.03561628,0.09095304,0.00040529162,0.019887013
img_50348.jpg,0.20217367,0.3012027,0.049926944,0.09324631,0.009472952,0.008903363,0.06387929,0.2536454,0.0014945458,0.016054863
img_50362.jpg,0.009784308,0.004251119,0.0032239172,0.0033845766,0.011115082,0.0019137099,0.024977252,0.0022475608,0.0015400072,0.93756235
img_50471.jpg,0.020231934,0.008540905,0.005885648,0.007727752,0.028635474,0.0023995675,0.030214578,0.0022167698,0.0085903425,0.885557
img_50570.jpg,0.059641007,0.51794183,0.018177005,0.28498232,0.0040443083,0.000757065,0.017157774,0.060725827,0.0006680059,0.035904888
img_50625.jpg,0.67883617,0.015087808,0.00076756335,0.005349131,0.00086514134,0.0014112589,0.28986457,0.0021934947,0.0005967765,0.0050280346
img_50670.jpg,0.0053567546,0.0033806127,0.0066954074,0.980473,0.00022334568,6.526052e-05,0.00032110012,0.0005079983,0.00020482787,0.0027717531
img_50684.jpg,0.1139469,0.5298279,0.016989468,0.16705468,0.003103759,0.0023192603,0.06292247,0.07517114,0.0007861606,0.027878255
img_50774.jpg,0.41710755,0.29368153,0.004726542,0.14337707,0.00859957,0.008749063,0.08140375,0.029093506,0.0028480473,0.010413438
img_50789.jpg,0.22680795,0.11038183,0.01256394,0.028874695,0.0052780644,0.0056983554,0.04730774,0.556109,0.0003762018,0.0066022826
img_50839.jpg,0.19274768,0.19373968,0.020900648,0.23631696,0.032382116,0.06539573,0.061848257,0.08468265,0.011857779,0.10012844
img_50886.jpg,0.5849874,0.24966088,0.053236336,0.018782837,0.019342732,0.0029657595,0.035319634,0.008702689,0.006375916,0.020625772
img_50914.jpg,0.09895405,0.018984718,0.00455808,0.12960936,0.012893331,0.0017280222,0.4318921,0.004755051,0.00053041143,0.2960949
img_51067.jpg,0.3256661,0.051605135,0.23947115,0.015094959,0.049964998,0.014899554,0.24139391,0.037416417,0.0018117233,0.02267595
img_51087.jpg,0.8108953,0.078626454,0.0020461332,0.009625942,0.0025755654,0.0010934159,0.07197267,0.012131473,0.00031156733,0.010721493
img_51246.jpg,0.5600459,0.26260436,0.0374688,0.030181913,0.010355898,0.0051973583,0.054958783,0.016841272,0.0038886177,0.018457072
img_5135.jpg,0.023619076,0.011028557,0.0053496324,0.010570576,0.033403717,0.0013406505,0.036847167,0.0022499305,0.0018943453,0.8736963
img_51394.jpg,0.012554503,0.023035178,0.038616057,0.005824254,0.0711723,0.26268822,0.04235429,0.025737194,0.47584504,0.042172864
img_51434.jpg,0.0017050914,0.004036063,0.047975373,0.0008506429,0.026439006,0.16362265,0.0051337774,0.011217147,0.7361705,0.0028497262
img_51439.jpg,0.020785294,0.014177794,0.0018168277,0.92972666,0.0017021613,0.0011698359,0.008373243,0.003132967,0.0010197323,0.018095521
img_51458.jpg,0.001690334,0.0016299676,0.007434001,0.001204055,0.00363236,0.6489205,0.001243125,0.009413353,0.32467598,0.00015626854
img_51467.jpg,0.18794663,0.34571308,0.010259381,0.3059444,0.00433794,0.0014006387,0.048884667,0.056838986,0.00030912258,0.03836508
img_51582.jpg,0.0015002689,0.001792985,0.0051742923,0.00056386075,0.0055888616,0.3386273,0.00080359535,0.007815809,0.6379781,0.00015490547
img_51709.jpg,0.72488153,0.12783593,0.0038323835,0.015436853,0.006439048,0.0018711259,0.0794774,0.024449714,0.000679731,0.015096404
img_51808.jpg,0.08284714,0.13475576,0.008924488,0.71208876,0.0013136413,0.0032685027,0.01973569,0.018971877,0.0022316063,0.015862592
img_51827.jpg,0.46094194,0.010822605,0.0026830705,0.4283379,0.011189609,0.0042906655,0.047392916,0.0036096878,0.0016013875,0.029130163
img_51862.jpg,0.25454453,0.119280726,0.3920964,0.007886819,0.030502824,0.008267756,0.09394879,0.011794738,0.016907157,0.06477032
img_51876.jpg,0.20120417,0.040779732,0.0066295885,0.017392766,0.011282517,0.015837189,0.36470044,0.015549459,0.01482933,0.3117948
img_5196.jpg,0.33422884,0.083379686,0.08317647,0.004992784,0.0018284733,0.002053379,0.40975982,0.0015342828,0.005736573,0.073309585
img_52067.jpg,0.8096527,0.029021196,0.002469123,0.0076260287,0.0014180199,0.0011968487,0.117343836,0.0048034308,0.0004926809,0.025976084
img_52146.jpg,0.13798456,0.029241588,0.008879319,0.46424937,0.01931913,0.0054174424,0.15542197,0.008985791,0.0017290055,0.16877186
img_52166.jpg,0.007254081,0.0029209715,0.02789363,0.0018588757,0.06883547,0.3513125,0.0040948614,0.023315964,0.50723624,0.005277313
img_52195.jpg,0.032963555,0.016186295,0.032205675,0.012368487,0.105108134,0.23593563,0.009804262,0.04317218,0.5073542,0.0049014655
img_52208.jpg,0.31954792,0.09953781,0.19296046,0.24080592,0.002238416,0.006186421,0.06877018,0.03706789,0.0031250985,0.02975985
img_52284.jpg,0.60774136,0.1057311,0.0024468594,0.01737254,0.0019786907,0.0036064908,0.21238802,0.033445176,0.0010327287,0.014256944
img_5271.jpg,0.64298314,0.041688595,0.0029478057,0.0150123,0.007392578,0.010540025,0.10877508,0.16122429,0.0008499227,0.008586383
img_52921.jpg,0.0121881375,0.004000502,0.8200365,0.0008535283,0.0049953563,0.09611109,0.013848031,0.010974649,0.031028308,0.0059639066
img_53227.jpg,0.23216094,0.21986409,0.04000108,0.14376332,0.006323512,0.021299383,0.19589995,0.0901059,0.0026405824,0.047941122
img_53354.jpg,0.24896125,0.11029262,0.005941239,0.0090820715,0.008893895,0.023442278,0.24290752,0.33792618,0.001858336,0.010694598
img_53397.jpg,0.020923782,0.035163708,0.030894972,0.01679252,0.006397466,0.073040806,0.62495375,0.013933171,0.031773116,0.14612657
img_53432.jpg,0.0028074803,0.0058301166,0.037885964,0.0018451287,0.026179615,0.22072795,0.0040369695,0.011137318,0.686731,0.0028184995
img_53456.jpg,0.0050975843,0.0030360934,0.0030661293,0.98305285,0.00024776856,6.766643e-05,0.0004693175,0.00040973033,0.0002239417,0.00432893
img_53539.jpg,0.00649559,0.010986598,0.0041088895,0.04118205,0.10683991,0.15353268,0.083090894,0.1643908,0.35276595,0.0766067
img_53600.jpg,0.012843715,0.0033960533,0.0088726375,0.009319577,0.1825585,0.35875443,0.02039246,0.17334872,0.17541403,0.05509986
img_53635.jpg,0.44947627,0.010089619,0.0010166775,0.0049005114,0.0011748682,0.0023568734,0.51265854,0.0015951662,0.0021148375,0.01461661
img_53831.jpg,0.12103075,0.005148084,0.00269047,0.0068194005,0.0032081995,0.0024021224,0.4766342,0.00079422776,0.0013874577,0.37988508
img_53896.jpg,0.04372964,0.009808345,0.0033831447,0.008271541,0.007010694,0.0032267894,0.10879982,0.00074714824,0.009822628,0.80520016
img_54020.jpg,0.006299985,0.007369739,0.0012331496,0.025265073,0.03546139,0.243793,0.018477311,0.52603245,0.12632704,0.009740793
img_54166.jpg,0.02847648,0.025947023,0.007754484,0.032581184,0.05102114,0.036531903,0.25486308,0.015113843,0.14693798,0.4007728
img_54188.jpg,0.23024526,0.013423992,0.008882796,0.007812948,0.027836919,0.008564334,0.21675357,0.00415403,0.009765908,0.47256014
img_54356.jpg,0.540934,0.021993684,0.004265308,0.0062120557,0.010982148,0.0061912844,0.29503265,0.006052589,0.005482099,0.10285398
img_5450.jpg,0.061005995,0.023439458,0.0062260046,0.769172,0.016131941,0.009278463,0.028151728,0.009736231,0.0046397955,0.0722184
img_54567.jpg,0.07408521,0.5259235,0.019166954,0.067101285,0.006521879,0.0142188985,0.11814789,0.15453653,0.0034480083,0.016849881
img_55033.jpg,0.054486353,0.6264873,0.061545994,0.11239445,0.003307482,0.0020855167,0.034964386,0.0889111,0.0005649188,0.015252295
img_55189.jpg,0.022232225,0.0069730515,0.0091950465,0.030015599,0.32619238,0.20013864,0.024265891,0.15080537,0.11987924,0.11030255
img_55307.jpg,0.105228946,0.07094598,0.7271416,0.01416059,0.029303625,0.0035270532,0.014911228,0.009139171,0.006221654,0.019420005
img_55350.jpg,0.79597414,0.012791638,0.0010341133,0.02486672,0.0019809366,0.0035388316,0.14943278,0.00367727,0.0010857857,0.0056177727
img_55381.jpg,0.65725064,0.07194278,0.0022667146,0.007655716,0.0012101751,0.00086680416,0.21674518,0.005067184,0.00048467406,0.03651005
img_55461.jpg,0.3963829,0.022629602,0.0028766654,0.031381182,0.00927231,0.003076664,0.27206242,0.02100507,0.0013828018,0.23993033
img_55478.jpg,0.0015674366,0.0018471443,0.0059006168,0.0015492381,0.0063714357,0.35749382,0.00153816,0.008230041,0.6150939,0.00040822924
img_55547.jpg,0.028150987,0.0286347,0.014124775,0.89186877,0.00085549563,0.00041565968,0.014023332,0.0023457387,0.00048242987,0.019098176
img_55565.jpg,0.020091558,0.012178187,0.18424803,0.005099819,0.012806742,0.5114916,0.047552325,0.023211334,0.16654874,0.016771631
img_557.jpg,0.23506677,0.24798661,0.007666988,0.37898663,0.0016448846,0.0035147986,0.0701451,0.03228083,0.0013332386,0.021374194
img_55797.jpg,0.0032049264,0.0026073144,0.004971503,0.00080265035,0.023817016,0.31795964,0.0012185278,0.032134984,0.6127035,0.00058006635
img_55852.jpg,0.32027942,0.11023137,0.18040411,0.039568562,0.070014946,0.011505262,0.20563918,0.025996834,0.0016705912,0.03468962
img_55894.jpg,0.5647973,0.29019076,0.03510677,0.02911274,0.02302763,0.0026197967,0.022229537,0.010131102,0.0044902926,0.018294092
img_5598.jpg,0.035138592,0.002717201,0.0018442547,0.0035759413,0.0029490113,0.0012181452,0.13103461,0.00041394331,0.00059517345,0.82051307
img_56037.jpg,0.07343169,0.019199012,0.00065655395,0.012863593,0.0034157238,0.0146069955,0.041793652,0.82480675,0.0015996106,0.007626316
img_56084.jpg,0.08602562,0.02205782,0.0054546827,0.012242825,0.015979318,0.0062711122,0.15940957,0.002215831,0.018991629,0.6713516
img_56154.jpg,0.037601404,0.012886946,0.0006031735,0.015177004,0.005605396,0.028215986,0.028944815,0.8586174,0.004502754,0.007845098
img_56280.jpg,0.3598372,0.210148,0.079202406,0.019573642,0.015586052,0.0041299607,0.1635614,0.015344679,0.02562958,0.10698701
img_56334.jpg,0.008135963,0.0028957983,0.013783497,0.9709451,0.00020307046,6.813169e-05,0.0003608677,0.00059092,0.00015950589,0.002857117
img_56387.jpg,0.7233292,0.091671355,0.025516378,0.009048097,0.00440296,0.0014957463,0.112546206,0.006926178,0.0009917876,0.024072196
img_56440.jpg,0.031146681,0.063540444,0.036231857,0.025452437,0.049163252,0.39086965,0.0550238,0.07176024,0.2233764,0.053435154
img_56459.jpg,0.0517722,0.05950647,0.036212444,0.016821984,0.004962714,0.05751527,0.64926547,0.022547368,0.01968643,0.08170976
img_56546.jpg,0.59145164,0.179193,0.0246022,0.0074207154,0.001265314,0.0004641934,0.1666688,0.0017520188,0.00063500716,0.026547024
img_56807.jpg,0.6654204,0.06908938,0.0012674241,0.017026737,0.002802942,0.003533069,0.1637329,0.058637913,0.0011006637,0.017388616
img_57012.jpg,0.024593085,0.010526495,0.010951295,0.931459,0.00069805747,0.0003180588,0.0053387084,0.0014912563,0.00039253038,0.014231417
img_57165.jpg,0.47077462,0.21328036,0.025472071,0.20505461,0.01652382,0.0003925425,0.011983793,0.009291202,0.0070680063,0.04015902
img_57294.jpg,0.0037110036,0.0006743653,0.0016475836,0.0015365495,0.03399756,0.50454485,0.00049541966,0.032540303,0.42044544,0.00040680123
img_5749.jpg,0.19120075,0.022248628,0.011742406,0.6132096,0.003804855,0.0026998918,0.009634389,0.13656327,0.0003922208,0.0085040415
img_575.jpg,0.52836037,0.38248774,0.0236447,0.0147700645,0.0086310385,0.00075480243,0.020190261,0.005877244,0.0014608301,0.013822817
img_57581.jpg,0.072132625,0.0030434697,0.0027585926,0.004076681,0.007711869,0.0022973295,0.1405354,0.0009032061,0.0011024935,0.76543844
img_57628.jpg,0.005368573,0.004556138,0.006060413,0.0016764613,0.133329,0.16901764,0.001615875,0.05594131,0.6200988,0.0023357077
img_5783.jpg,0.25041297,0.41859755,0.00991481,0.11905164,0.0035711958,0.0015704326,0.07029973,0.10255524,0.000555189,0.023471091
img_58137.jpg,0.042446308,0.2250858,0.008121817,0.6872742,0.004381216,0.00060758804,0.010003052,0.001949978,0.0007826676,0.019347334
img_5840.jpg,0.04548726,0.69204986,0.055539038,0.051963147,0.0049054874,0.0021563538,0.034408752,0.099987894,0.0007294012,0.012772807
img_58543.jpg,0.0035582695,0.0057801846,0.038433988,0.0033663535,0.023000496,0.22060922,0.04543691,0.009458881,0.63348895,0.016866755
img_58573.jpg,0.0018880096,0.000715788,0.00087890745,0.0027095112,0.007707741,0.6649953,0.0007484237,0.04059076,0.27942252,0.0003430074
img_58816.jpg,0.0023560866,0.003934257,0.033149656,0.0021523277,0.018030295,0.1618836,0.02810129,0.0052732634,0.7341313,0.010987862
img_5885.jpg,0.34595942,0.021859964,0.0024515262,0.2701147,0.011148382,0.0013426109,0.07763432,0.004749331,0.0016124134,0.26312724
img_58904.jpg,0.65653497,0.029176624,0.004776359,0.14572583,0.014138008,0.0072035054,0.088673815,0.011735239,0.004000089,0.038035594
img_58933.jpg,0.010569492,0.019347807,0.0019830293,0.9493516,0.0009806195,0.0006558026,0.0019755687,0.0030931383,0.0017519662,0.0102911
img_58967.jpg,0.0033050324,0.00072833936,0.0015666903,0.0017741511,0.023038052,0.5516136,0.00051030196,0.03272898,0.38439015,0.00034466235
img_59025.jpg,0.033576205,0.04243161,0.040995996,0.02118319,0.027966272,0.1848432,0.3393592,0.036052726,0.11520993,0.15838164
img_59233.jpg,0.11595218,0.08827941,0.06355532,0.035021245,0.023178821,0.051941905,0.04751584,0.56038535,0.0042245276,0.009945442
img_59654.jpg,0.10811972,0.03212739,0.038498383,0.6228253,0.0010274511,0.00044913782,0.14442612,0.0045456714,0.00021755225,0.047763396
img_59760.jpg,0.6530368,0.21148078,0.0134356115,0.039477315,0.016838301,0.0019725147,0.023631554,0.021366823,0.0015597373,0.017200587
img_5978.jpg,0.14635192,0.67424095,0.0038635423,0.1041728,0.0068265037,0.0011134539,0.021895422,0.008754423,0.0015445579,0.031236276
img_59890.jpg,0.04254576,0.03257302,0.01517438,0.026084535,0.09401784,0.059618652,0.17267312,0.03705869,0.15167087,0.36858308
img_59908.jpg,0.010688684,0.016250707,0.044567607,0.008044333,0.027050156,0.39065474,0.10747812,0.02479305,0.34407672,0.02639577
img_60236.jpg,0.12098949,0.11378487,0.013715367,0.51699084,0.007892952,0.008373478,0.108319394,0.030407384,0.0030486276,0.076477684
img_60260.jpg,0.004689091,0.003050752,0.0069260327,0.9815212,0.00020213625,4.8897804e-05,0.00028279118,0.00041714148,0.00019897414,0.0026630391
img_60363.jpg,0.8861776,0.011936576,0.023687692,0.03629035,0.0020745872,0.00042710337,0.019319346,0.007981636,0.00024938176,0.011855624
img_60435.jpg,0.2896964,0.03787884,0.0032433192,0.0120342,0.01081042,0.0073039387,0.30110446,0.0035746638,0.0147670135,0.31958666
img_60617.jpg,0.2150413,0.04407867,0.3908275,0.04441369,0.18004575,0.011456764,0.07261804,0.013946365,0.0014181803,0.026153706
img_60719.jpg,0.03646924,0.0015901633,0.0055702617,0.043517485,0.012699403,0.11190001,0.463048,0.046629734,0.010945601,0.2676301
img_60760.jpg,0.47907704,0.36361808,0.06636099,0.016062435,0.01438944,0.0017010919,0.02750868,0.008549476,0.003341621,0.019391192
img_60815.jpg,0.5250869,0.22826964,0.0029685379,0.035550773,0.0024374158,0.003919298,0.16758505,0.027621385,0.00082372775,0.005737405
img_60885.jpg,0.0026154548,0.00040389778,0.0013883702,0.0016084011,0.016259255,0.60832757,0.00047210124,0.030442256,0.33819368,0.00028903905
img_61110.jpg,0.013606867,0.0014284013,0.013074625,0.0048016068,0.051794756,0.5915333,0.022309653,0.10703893,0.15772161,0.036690217
img_61248.jpg,0.82219875,0.026710315,0.0017343205,0.017209705,0.0021575694,0.0016907805,0.07867094,0.04210103,0.00047099745,0.007055549
img_61263.jpg,0.02649363,0.0023404523,0.0018036222,0.0038461278,0.00176757,0.0010799258,0.1675991,0.0003550312,0.00050565077,0.794209
img_616.jpg,0.0028362751,0.007921663,0.020777375,0.0033662927,0.05081844,0.15489422,0.00079220714,0.0071083424,0.75057584,0.0009093533
img_61663.jpg,0.28777635,0.032371357,0.006782444,0.02323597,0.017866224,0.0021157907,0.2183011,0.0056013972,0.0006897683,0.4052596
img_61709.jpg,0.09515203,0.024670728,0.0058151023,0.011965141,0.02349695,0.0058934097,0.12776634,0.0032574614,0.01794631,0.6840365
img_61725.jpg,0.4742209,0.02983338,0.0063496754,0.004543457,0.0005325469,0.00073498196,0.4175631,0.00096485234,0.0013710897,0.06388589
img_61727.jpg,0.0009923679,0.0006950683,0.0010620502,0.0004957226,0.008247542,0.35905558,0.00053086836,0.021102117,0.6076365,0.0001822069
img_61894.jpg,0.06485504,0.036285773,0.0004624867,0.030651018,0.0034179238,0.005014889,0.026782187,0.82329243,0.0007716916,0.008466598
img_61911.jpg,0.6909459,0.13983668,0.0012890626,0.017798847,0.00087028986,0.0018674025,0.11002585,0.034184575,0.00026745183,0.0029138038
img_62011.jpg,0.05785279,0.2773937,0.012111579,0.024887873,0.04555298,0.012116241,0.27285707,0.010482453,0.002341958,0.28440332
img_62031.jpg,0.17779094,0.0702736,0.022035902,0.36947954,0.014896545,0.013248269,0.1935364,0.026898183,0.0028566867,0.1089839
img_62090.jpg,0.8000174,0.06259624,0.00837177,0.036109734,0.007848157,0.0013321014,0.03885745,0.019878758,0.0011372865,0.023851022
img_62111.jpg,0.27729887,0.091493726,0.0015447804,0.02271251,0.0013373916,0.0033395162,0.529816,0.049978483,0.0011646295,0.021314144
img_62292.jpg,0.0930281,0.04607406,0.00896935,0.023427498,0.07620962,0.019730104,0.14536572,0.023582246,0.027894873,0.53571844
img_62497.jpg,0.0080312565,0.0018639923,0.014531179,0.0032954616,0.09491656,0.40100354,0.0043299254,0.03463265,0.42803335,0.00936208
img_62501.jpg,0.11166168,0.2657069,0.036814503,0.3234921,0.050130367,0.006005882,0.13060765,0.0067724213,0.0015747879,0.06723378
img_62530.jpg,0.0166753,0.02099906,0.001597338,0.9399988,0.00075295265,0.00087646896,0.005410867,0.0028240574,0.0009530217,0.009912103
img_62551.jpg,0.15777725,0.05984364,0.013069479,0.42540878,0.05214891,0.020314107,0.06678713,0.029843407,0.0061741616,0.16863304
img_62810.jpg,0.06268217,0.034843467,0.0006958247,0.035000436,0.008685425,0.019798536,0.039858364,0.7808676,0.0039479244,0.013620331
img_63133.jpg,0.7129478,0.06984337,0.004326478,0.07317891,0.0029448275,0.004088336,0.06836801,0.05039927,0.00055138825,0.013351721
img_6320.jpg,0.26293465,0.089506164,0.23310705,0.06830812,0.03324045,0.014787025,0.10843358,0.03290249,0.0633877,0.09339268
img_63381.jpg,0.86696845,0.04786389,0.001390507,0.008638467,0.002313818,0.0008415898,0.050290804,0.01050481,0.00022845494,0.010959068
img_63438.jpg,0.047401927,0.70568913,0.02643225,0.06780643,0.0028419467,0.002289792,0.051789995,0.08068749,0.00064016803,0.014420949
img_63572.jpg,0.0016531368,0.003084029,0.04059397,0.0010091834,0.013574265,0.13236614,0.018705338,0.0041305097,0.7787645,0.0061189323
img_63599.jpg,0.48755533,0.06224282,0.004653796,0.035231754,0.019305801,0.0018592617,0.17386824,0.007589329,0.00084133574,0.20685229
img_63767.jpg,0.68623954,0.054667465,0.0032932477,0.012101773,0.0016596515,0.0017337842,0.20666948,0.0075687105,0.0008714914,0.025194801
img_64009.jpg,0.035285883,0.0015948312,0.008024047,0.027261069,0.016509365,0.17230135,0.42460144,0.09482224,0.016653446,0.20294626
img_64018.jpg,0.45580304,0.24309602,0.16839258,0.031238515,0.033511594,0.0032137823,0.021700159,0.011959172,0.0068305084,0.024254657
img_64279.jpg,0.03491165,0.005710311,0.01070487,0.035802804,0.027790224,0.19129857,0.29971054,0.05012744,0.044520155,0.29942343
img_64325.jpg,0.0037125526,0.0023756041,0.2931383,0.0011023143,0.07900967,0.11874397,0.0010164437,0.0071677575,0.4913022,0.0024312153
img_64446.jpg,0.41346955,0.15119809,0.002456001,0.034729283,0.0042562447,0.00503017,0.2541344,0.10915128,0.0013463063,0.024228586
img_64478.jpg,0.56969,0.043080036,0.0013425874,0.021740112,0.001400176,0.0029347073,0.3357587,0.0057449085,0.0012380313,0.0170707
img_64734.jpg,0.14999478,0.045624144,0.009024176,0.36924303,0.0024464559,0.0034996353,0.35186338,0.011426101,0.00066864106,0.056209568
img_64792.jpg,0.011147014,0.010460487,0.038866516,0.008964481,0.020529432,0.46477664,0.20193249,0.030408593,0.17789017,0.03502415
img_64799.jpg,0.8065882,0.012055033,0.0010629549,0.058038894,0.0025143987,0.0034809816,0.10353128,0.004414153,0.0010851583,0.0072290027
img_64882.jpg,0.77184606,0.08687037,0.0021328602,0.0081559885,0.0017198864,0.0023118553,0.10607722,0.015506106,0.00049931975,0.004880413
img_64898.jpg,0.00097397814,0.00047383035,0.0009105645,0.0005290536,0.007884372,0.43183723,0.0003824764,0.019835465,0.53703845,0.00013451508
img_64987.jpg,0.35023034,0.048339903,0.0016790936,0.013780902,0.0018987634,0.0034272592,0.5422699,0.015846431,0.002108868,0.020418521
img_65081.jpg,0.1874808,0.20111614,0.007131128,0.5128014,0.0013198975,0.0023082597,0.043127142,0.025489302,0.0012823092,0.017943518
img_65086.jpg,0.002719864,0.0007052308,0.0021718931,0.001494676,0.014645572,0.6106848,0.00062472536,0.030170577,0.33646768,0.00031508907
img_65100.jpg,0.0010661585,0.002065104,0.047492046,0.000581376,0.010499632,0.121058494,0.013635257,0.0046090498,0.7952462,0.0037467307
img_6516.jpg,0.004492376,0.009717539,0.06301663,0.0015606302,0.055598684,0.15097605,0.0022763887,0.011922772,0.69750494,0.0029341124
img_65187.jpg,0.1210001,0.19780532,0.042879634,0.5367969,0.0027603807,0.0073742527,0.02792127,0.034044195,0.005843645,0.023574354
img_65341.jpg,0.5394445,0.324908,0.008538288,0.029972933,0.01714844,0.002176217,0.033286832,0.021630833,0.00094180607,0.021952149
img_65567.jpg,0.0011738029,0.0040573184,0.013083763,0.0005969485,0.024031974,0.050149105,0.0023338168,0.0023332739,0.90025246,0.0019874074
img_65694.jpg,0.11564033,0.006663217,0.0016510268,0.828458,0.0008436393,0.00034969376,0.010664651,0.0031718917,0.00035330636,0.032204166
img_65738.jpg,0.2903825,0.0066850916,0.008429755,0.019546306,0.00077158137,0.0027234987,0.58134675,0.0034829895,0.00013605655,0.086495526
img_65749.jpg,0.55144787,0.042028494,0.0070205512,0.006227835,0.03875488,0.008649985,0.19788969,0.025044156,0.006652156,0.116284385
img_65971.jpg,0.007965769,0.0035191362,0.0061876904,0.974879,0.0004007278,0.00012244654,0.0005651262,0.0006843188,0.00028715873,0.0053886934
img_66234.jpg,0.0023487716,0.0023447108,0.0045347824,0.0015146417,0.0068246755,0.43509483,0.0013497092,0.014014016,0.53164923,0.0003246143
img_66557.jpg,0.062118717,0.038098454,0.49974236,0.016855644,0.0981423,0.06583422,0.027966289,0.06646037,0.1052173,0.019564267
img_66775.jpg,0.0040431805,0.0054477346,0.7494019,0.0007623747,0.023337478,0.08342923,0.0022177538,0.010349378,0.119746104,0.0012648557
img_66825.jpg,0.0121605955,0.002509281,0.0018973878,0.002993297,0.0014947378,0.0009105816,0.0920551,0.0002778717,0.0009917279,0.8847094
img_67067.jpg,0.25949627,0.35059008,0.01617358,0.3135373,0.017361265,0.00049466424,0.004749934,0.0075263036,0.0032840734,0.026786512
img_67095.jpg,0.36930898,0.40842897,0.004264691,0.067544885,0.010505046,0.0037500497,0.081837334,0.02060415,0.0017824324,0.031973526
img_671.jpg,0.04125419,0.08877337,0.013928727,0.7826173,0.0055039693,0.0048833014,0.009752214,0.016868904,0.0058419746,0.030576069
img_67140.jpg,0.21470928,0.24201256,0.0051752287,0.43210563,0.0018493948,0.0052247946,0.042029507,0.034438465,0.0019149224,0.020540303
img_67184.jpg,0.30260023,0.052041277,0.02998528,0.003850107,0.0006978558,0.00077386724,0.5346099,0.0008040928,0.0021738412,0.0724636
img_67193.jpg,0.0055856504,0.0075721084,0.0428773,0.004641561,0.026331754,0.28770465,0.07067286,0.013289852,0.51889604,0.022428218
img_672.jpg,0.19029479,0.028933384,0.0050803027,0.010982012,0.0117423935,0.0055408003,0.39870298,0.004179084,0.006307883,0.33823633
img_67251.jpg,0.0059740543,0.0012378705,0.015671518,0.0018328872,0.06254902,0.4003583,0.003036244,0.027335105,0.4772737,0.0047314037
img_67361.jpg,0.22601743,0.08746013,0.31630915,0.24772859,0.0040877815,0.010687158,0.029314738,0.034537256,0.008378783,0.03547905
img_67409.jpg,0.081968494,0.1159189,0.0058637294,0.6950735,0.0031956336,0.0053473227,0.038206927,0.021407645,0.0022347863,0.030783053
img_6753.jpg,0.058074918,0.0980694,0.001308998,0.20306624,0.005147552,0.003948482,0.010344564,0.6057608,0.0010965475,0.013182504
img_67607.jpg,0.10166621,0.07655709,0.050058458,0.7164453,0.00197701,0.0028672107,0.0143347075,0.015798572,0.0031765655,0.01711887
img_6768.jpg,0.2707574,0.02844426,0.0035156296,0.36115295,0.009232069,0.0014498252,0.055355497,0.0039138435,0.0018198849,0.26435858
img_67821.jpg,0.0013887218,0.0013485161,0.0059437845,0.0011108719,0.0051109465,0.40737918,0.00110289,0.0063871085,0.56999797,0.00023002682
img_67892.jpg,0.011675808,0.0192622,0.08569327,0.0065746577,0.2074419,0.15845975,0.0042343894,0.04130433,0.46135005,0.0040037
img_6821.jpg,0.5439569,0.18185528,0.11538171,0.060426205,0.032714084,0.0038251164,0.023436394,0.010814736,0.0045402767,0.023049327
img_68308.jpg,0.6149849,0.17421755,0.0023648604,0.023436118,0.0012566084,0.0024341166,0.15854384,0.018529847,0.0004332021,0.003798881
img_68509.jpg,0.16688643,0.22189118,0.023243356,0.30035368,0.018207906,0.042488467,0.06306594,0.08125088,0.009161914,0.0734502
img_68588.jpg,0.001516382,0.0015985346,0.004091743,0.0011709073,0.005043079,0.4447789,0.0011078339,0.009245227,0.53123367,0.000213775
img_68745.jpg,0.048327867,0.02514902,0.008608725,0.021843217,0.10254546,0.016296277,0.10939066,0.010371465,0.075725146,0.58174217
img_68881.jpg,0.0074187624,0.0039423225,0.0042854664,0.97660655,0.00032066708,0.000103304956,0.00077170663,0.0005910428,0.000261326,0.005698837
img_68893.jpg,0.035252884,0.06719812,0.035044797,0.021555098,0.017695028,0.31550306,0.29923254,0.067760445,0.10291554,0.03784247
img_69099.jpg,0.46293032,0.0123320315,0.0008032791,0.0038324313,0.00076536386,0.0014283921,0.50526476,0.0015240732,0.0012716517,0.009847713
img_69250.jpg,0.018113079,0.01786001,0.0078191105,0.021715393,0.24423538,0.11795069,0.060361367,0.08577674,0.3352292,0.090938956
img_69281.jpg,0.022847809,0.018285392,0.002310323,0.91771096,0.0021828916,0.0013551671,0.009158198,0.0038676686,0.0012831248,0.02099858
img_69298.jpg,0.8742083,0.037729815,0.0017310472,0.0115322,0.0045944992,0.00146904,0.037834723,0.017230721,0.00039833298,0.013271399
img_69335.jpg,0.73665947,0.011318197,0.0013461948,0.023606705,0.0029120126,0.0050922823,0.20596094,0.003283513,0.0017600975,0.008060646
img_69370.jpg,0.5691682,0.016710933,0.0010491697,0.0054621072,0.0011380455,0.0014696773,0.3891653,0.0017145987,0.0013236504,0.012798327
img_69412.jpg,0.3651066,0.29641572,0.0089138085,0.16740707,0.0042262645,0.0019550466,0.07419808,0.05923995,0.0005021813,0.022035372
img_69828.jpg,0.04653475,0.283594,0.012381648,0.06739377,0.13137722,0.013267474,0.24186987,0.024070848,0.010115925,0.16939443
img_69845.jpg,0.03697813,0.009813704,0.00506464,0.012252538,0.03382134,0.0013448262,0.04839768,0.0018302861,0.0013595812,0.84913725
img_70077.jpg,0.12299563,0.1460893,0.050390165,0.5883135,0.002488699,0.006630293,0.024902271,0.028453635,0.005503785,0.024232809
img_70440.jpg,0.008610313,0.002711741,0.0017895434,0.0019469237,0.0014914221,0.0003898793,0.04673863,0.00013525726,0.0004019586,0.93578446
img_70506.jpg,0.41777545,0.03632481,0.0024512787,0.00853912,0.0039739073,0.0035762626,0.33991638,0.0028825267,0.0056547634,0.17890546
img_70516.jpg,0.0010467882,0.0027693107,0.018270899,0.00037245694,0.024689872,0.04757189,0.0012928704,0.002877718,0.8998824,0.0012258033
img_70529.jpg,0.07969634,0.031979974,0.007835521,0.7261447,0.0040747784,0.002905835,0.08410698,0.006487283,0.0011439824,0.055624522
img_70568.jpg,0.05798984,0.10443185,0.013919102,0.7823125,0.0013501591,0.00172544,0.010839241,0.012597763,0.0022435302,0.0125905555
img_70583.jpg,0.42151648,0.024400864,0.004704536,0.014952346,0.01693217,0.0061215986,0.2995597,0.005756597,0.0069889617,0.1990668
img_70627.jpg,0.18526277,0.14178525,0.029327108,0.062988475,0.0826309,0.094709426,0.041525915,0.23868786,0.015798263,0.1072839
img_70640.jpg,0.9048833,0.0040051932,0.0067528593,0.014473059,0.00046774975,0.0007149091,0.0452782,0.0088140685,0.00017611854,0.014434601
img_70732.jpg,0.008016497,0.034496836,0.02170625,0.01108425,0.51208425,0.08257421,0.018483536,0.08058965,0.1801352,0.0508294
img_70886.jpg,0.013384338,0.033612333,0.0038497294,0.9338385,0.0008186829,0.0006753368,0.0019493095,0.0038968814,0.0014843566,0.0064905053
img_70938.jpg,0.84320194,0.016991831,0.0006228075,0.00839897,0.0003229519,0.0008656863,0.11547648,0.01188008,0.00015045825,0.0020887693
img_71235.jpg,0.54651254,0.23780403,0.066305295,0.008267749,0.0045869276,0.0010538711,0.0987742,0.0029610514,0.0025999667,0.03113429
img_7128.jpg,0.27574793,0.13433349,0.014692722,0.0266038,0.011647433,0.024885148,0.09689255,0.40477958,0.0020108412,0.008406408
img_71303.jpg,0.0076466263,0.008373608,0.01718782,0.010290038,0.2072137,0.20505331,0.0012820853,0.028171845,0.5125589,0.0022221755
img_71329.jpg,0.69262606,0.012564865,0.0024387192,0.14511284,0.010670656,0.007068724,0.09752368,0.0060491385,0.0034966967,0.02244848
img_71347.jpg,0.05481281,0.07120715,0.026104437,0.03907638,0.21407764,0.24663503,0.048586637,0.12881556,0.07911359,0.09157079
img_7142.jpg,0.69880986,0.04778668,0.0024588136,0.021521645,0.005880344,0.007457921,0.10363683,0.10331041,0.00079197116,0.00834562
img_71552.jpg,0.0824485,0.03918627,0.006118731,0.72775567,0.0036740615,0.0046391855,0.080668025,0.009134253,0.0016144939,0.044760745
img_71630.jpg,0.36342654,0.19299188,0.002815132,0.10831226,0.00368853,0.002330048,0.06738182,0.23734853,0.000536004,0.021169223
img_71665.jpg,0.018301139,0.01846058,0.005811001,0.041229993,0.066793844,0.039990462,0.18697621,0.013851173,0.21786287,0.39072272
img_71809.jpg,0.8785657,0.011243796,0.027034424,0.046509553,0.0027465038,0.00033518652,0.0120653,0.007088591,0.00036390763,0.014047013
img_72072.jpg,0.32411462,0.49351963,0.018716691,0.09474366,0.025239771,0.0016440781,0.007045439,0.014509336,0.005542502,0.014924311
img_72261.jpg,0.0057159825,0.011261011,0.00339413,0.97148263,0.00026750303,0.0001298685,0.0015304262,0.0007937888,0.00033441515,0.0050902213
img_7227.jpg,0.022420716,0.009577283,0.018377114,0.017329393,0.030959861,0.16254398,0.20302744,0.0048365397,0.35989463,0.17103297
img_72289.jpg,0.5961371,0.016014673,0.0006476202,0.0045308704,0.0006135423,0.0009796027,0.36338407,0.0017906452,0.00065484707,0.015246852
img_72310.jpg,0.002286926,0.0038935028,0.034374774,0.0020250154,0.017684504,0.16377613,0.028161544,0.005377632,0.7317591,0.010660945
img_72317.jpg,0.01141061,0.07723216,0.00425708,0.8942997,0.0014481646,0.0002531116,0.0024225123,0.00077077234,0.000542499,0.0073634326
img_72497.jpg,0.029936355,0.00054271886,0.010404404,0.021938473,0.047728166,0.4753917,0.04975927,0.26003838,0.056327634,0.047932714
img_72566.jpg,0.00070801465,0.00066160643,0.00091760664,0.0003663392,0.0067319362,0.27963358,0.00051130785,0.014550295,0.6957684,0.00015088698
img_72572.jpg,0.14612973,0.08610079,0.07384321,0.62164134,0.0022842335,0.0035687594,0.021091089,0.020233324,0.0035005896,0.021606904
img_72701.jpg,0.048766296,0.11020991,0.008217874,0.77381074,0.006509797,0.0010716851,0.023369834,0.004562356,0.0008546345,0.02262678
img_72702.jpg,0.022928309,0.024191095,0.07174308,0.0107423905,0.022025697,0.45636126,0.07713404,0.029527478,0.25230548,0.033041142
img_72798.jpg,0.6524443,0.1052306,0.002445664,0.024510888,0.0018331744,0.003700752,0.18854113,0.011616527,0.0010230741,0.008653825
img_73137.jpg,0.013944799,0.04544651,0.0017845028,0.9240797,0.0006701899,0.0006047867,0.0023489976,0.0035268432,0.0012503972,0.006343195
img_7325.jpg,0.6767458,0.08701668,0.001981305,0.018502092,0.0014276481,0.0030859895,0.19664772,0.007949893,0.0007316567,0.0059112725
img_73393.jpg,0.012305618,0.033483896,0.0051349136,0.9254633,0.003147669,0.00048955466,0.0063415305,0.0025125337,0.00037609448,0.010744883
img_73396.jpg,0.008948837,0.0019224263,0.016529588,0.0034138174,0.10085864,0.3962544,0.0046106363,0.03442991,0.4223085,0.010723218
img_73505.jpg,0.0024501435,0.002117879,0.0063386518,0.0022094685,0.005564935,0.59167933,0.0014550646,0.014503114,0.37338924,0.00029224763
img_73506.jpg,0.16660738,0.069581576,0.005252678,0.018712495,0.0258944,0.01287978,0.314077,0.01288969,0.022361983,0.35174292
img_73599.jpg,0.6463251,0.08552252,0.0022169908,0.06827602,0.002676753,0.0040256795,0.15742826,0.012621737,0.0011534095,0.019753668
img_73739.jpg,0.130186,0.15596661,0.060568683,0.06049956,0.05242168,0.18878654,0.029821329,0.22603738,0.038873434,0.056838784
img_73781.jpg,0.0063751442,0.0015264333,0.019338721,0.0017501544,0.065821975,0.38296795,0.0031479402,0.026339106,0.48791045,0.0048219943
img_73819.jpg,0.001265036,0.0034592538,0.0050274134,0.0034874491,0.074444264,0.11606545,0.00015271088,0.0042137653,0.79154307,0.0003415439
img_73838.jpg,0.41266823,0.15121014,0.0013693259,0.03254504,0.0018581318,0.0033449691,0.2919739,0.09010424,0.00082305184,0.014102837
img_73840.jpg,0.25080073,0.040779933,0.0019904673,0.026743328,0.0025647741,0.0044905134,0.40025327,0.0014191772,0.007844836,0.263113
img_73860.jpg,0.69862825,0.018205421,0.0010956622,0.00795916,0.0012187227,0.0017674012,0.26154798,0.0023834798,0.0007707013,0.006423163
img_73908.jpg,0.035181824,0.029236805,0.011937958,0.020737603,0.0021025308,0.0038213488,0.73777103,0.0031125264,0.00037974643,0.15571845
img_73922.jpg,0.29445764,0.0416528,0.001403586,0.005172499,0.0040987786,0.0030374194,0.5583543,0.05845373,0.00096397666,0.032405175
img_73929.jpg,0.049767297,0.058872696,0.04265389,0.02935948,0.05209276,0.43699297,0.020902595,0.20214397,0.066801295,0.0404131
img_74003.jpg,0.19583093,0.0653663,0.4142377,0.06162301,0.014152527,0.022860741,0.119534336,0.03181795,0.010963582,0.063613005
img_74094.jpg,0.0028187616,0.002039238,0.0053165304,0.0023297258,0.006062111,0.6443699,0.0018443388,0.017306186,0.3175804,0.00033293932
img_74145.jpg,0.05683933,0.6666595,0.029110609,0.12355666,0.0025213293,0.0010631959,0.035994675,0.062002577,0.00043809388,0.021813955
img_74212.jpg,0.009192403,0.004646688,0.004814987,0.9711758,0.00036746584,0.0001246792,0.001250422,0.0006660501,0.00028785362,0.0074736243
img_74311.jpg,0.004909312,0.0012010908,0.0023688541,0.010721926,0.06931877,0.32594588,0.0077116997,0.49376273,0.077285245,0.006774414
img_74490.jpg,0.85147434,0.017734664,0.0011202814,0.009230677,0.00057495676,0.001084691,0.1039629,0.00962422,0.00025229887,0.004940988
img_74523.jpg,0.49644208,0.1645187,0.07319028,0.008944231,0.0062877107,0.003847741,0.18655497,0.0044888696,0.0061031105,0.049622327
img_7454.jpg,0.0016962176,0.0017374924,0.0053664907,0.0010967652,0.004238187,0.5686382,0.0012124315,0.011079007,0.40474996,0.00018516881
img_74587.jpg,0.12444535,0.024584705,0.009155084,0.36815995,0.030382765,0.0047100587,0.17348243,0.006936316,0.0016094074,0.25653404
img_74591.jpg,0.0030038701,0.0005394001,0.0015534551,0.0018034183,0.020074109,0.58509827,0.00052786904,0.032896057,0.35414484,0.0003586479
img_74633.jpg,0.608375,0.23334473,0.024807677,0.014125909,0.008063861,0.003572479,0.07454674,0.010497672,0.003089984,0.019575931
img_7464.jpg,0.011716119,0.018571034,0.26009843,0.01057784,0.0525526,0.4468167,0.006668918,0.055613216,0.1313842,0.0060010757
img_74780.jpg,0.0022398427,0.00065623363,0.0012558262,0.001967722,0.010061539,0.6509381,0.00063415733,0.03616484,0.2957836,0.0002982021
img_75104.jpg,0.0017335991,0.0018180215,0.00538445,0.0014015001,0.00441592,0.5465846,0.0014853324,0.01203461,0.42489833,0.00024367754
img_75312.jpg,0.02024844,0.025418762,0.12235029,0.006951922,0.066831104,0.16940187,0.014732962,0.022113351,0.5441966,0.0077548116
img_75427.jpg,0.13598864,0.10133565,0.00382994,0.011565808,0.017056355,0.03021416,0.3458888,0.31554392,0.013088466,0.025488216
img_75584.jpg,0.62239194,0.038257822,0.005782134,0.053650852,0.016976558,0.007077162,0.18109378,0.0076608825,0.004895447,0.06221351
img_75625.jpg,0.031579062,0.0031852624,0.0026084536,0.0044755265,0.0018368433,0.0014788914,0.25699347,0.00043945637,0.0010846849,0.6963184
img_75654.jpg,0.035520274,0.0395459,0.3584834,0.01015088,0.030239007,0.311908,0.022894429,0.053179286,0.124848865,0.013229973
img_75915.jpg,0.08664819,0.122139804,0.0015659821,0.08385869,0.003663506,0.0034817595,0.013027871,0.6752072,0.00093345926,0.009473579
img_76146.jpg,0.2439539,0.13190217,0.050996788,0.005394642,0.0021568895,0.002027489,0.46091294,0.002291765,0.006444763,0.09391858
img_76247.jpg,0.0022379197,0.0050726975,0.05177061,0.0014442628,0.023563804,0.25758225,0.008964463,0.01646125,0.62899405,0.003908676
img_76293.jpg,0.009009509,0.021389185,0.003339851,0.9521213,0.00095291884,0.0006791168,0.0009650402,0.0032291026,0.002316358,0.0059975735
img_76632.jpg,0.35768044,0.022524655,0.0026867713,0.004761751,0.0047311694,0.0028996454,0.48759466,0.006559445,0.0026283145,0.107933104
img_7665.jpg,0.1344961,0.104485266,0.017888268,0.44648314,0.0129351085,0.014055989,0.12614697,0.038439557,0.0041042883,0.100965366
img_76845.jpg,0.3131289,0.104121335,0.1743731,0.2433591,0.001845013,0.0073946053,0.08884213,0.036369998,0.00284218,0.027723651
img_76851.jpg,0.16117345,0.4058364,0.017912066,0.2780954,0.052831467,0.0012964645,0.012446913,0.016003577,0.0029481389,0.051456112
img_76898.jpg,0.35984933,0.05183278,0.0043878634,0.007859901,0.004060332,0.0058593038,0.46842167,0.018324785,0.005990753,0.07341324
img_76963.jpg,0.30336586,0.123298,0.12734048,0.26275414,0.0018136755,0.0074136565,0.104322925,0.0394852,0.0026799862,0.02752599
img_77015.jpg,0.049675524,0.030377734,0.0077448,0.8347777,0.002071472,0.0014206107,0.036936026,0.0040559806,0.00085000467,0.032090213
img_77051.jpg,0.32586554,0.15660723,0.16600454,0.11020969,0.018245611,0.009919234,0.10991694,0.06413252,0.004492362,0.03460641
img_77066.jpg,0.00019041763,0.00041342172,0.034257747,5.026517e-05,0.005247133,0.029156938,0.00034827332,0.0012568259,0.9289282,0.00015078911
img_77376.jpg,0.11056214,0.03744255,0.017089395,0.6142361,0.005575461,0.003572374,0.13112521,0.0073547005,0.0009713007,0.07207075
img_77475.jpg,0.5644339,0.026254928,0.0012113546,0.0076154545,0.0014075438,0.0017225904,0.3738045,0.0018992095,0.0017114931,0.01993911
img_77882.jpg,0.013560128,0.024585139,0.092877604,0.00729564,0.06405723,0.4611288,0.010850579,0.045525722,0.26998904,0.010130073
img_78062.jpg,0.03452685,0.038799025,0.039633848,0.015435471,0.0050176936,0.046895057,0.700609,0.013995914,0.015644183,0.08944294
img_78079.jpg,0.12565441,0.029785432,0.008018369,0.46363208,0.0065566204,0.0026734879,0.24473222,0.0064922837,0.00076341175,0.11169166
img_78090.jpg,0.16153961,0.09954703,0.011817091,0.22670852,0.02220896,0.01650797,0.17813432,0.04316927,0.005131866,0.23523532
img_78092.jpg,0.1731109,0.11187759,0.02510407,0.18165167,0.077050254,0.09414113,0.054466262,0.11029984,0.019249529,0.15304875
img_78175.jpg,0.18603627,0.21448119,0.007563365,0.54152644,0.004524284,0.0016995424,0.01675161,0.0067245294,0.0014657861,0.019226966
img_78380.jpg,0.04244284,0.024309197,0.0217122,0.008471371,0.0008924761,0.007366978,0.8619181,0.005154081,0.0010036322,0.026729027
img_78496.jpg,0.23264605,0.16677529,0.018725099,0.02956622,0.008704079,0.01744248,0.08298304,0.43224913,0.0012899837,0.00961864
img_78785.jpg,0.177947,0.0054496573,0.017011132,0.0071283295,0.0006915553,0.0045914026,0.6988236,0.0026525361,0.00014120567,0.085563734
img_78790.jpg,0.0062529054,0.00039621865,0.004699202,0.004010442,0.045336585,0.5747795,0.0062491945,0.08284682,0.2667646,0.008664443
img_78799.jpg,0.39942008,0.066788964,0.003303696,0.01693731,0.0033573587,0.0069427206,0.4368917,0.041800395,0.0030670823,0.021490581
img_78828.jpg,0.3062862,0.49354735,0.018106226,0.11456461,0.026754547,0.0015709249,0.006111293,0.013841752,0.0051578498,0.014059278
img_7887.jpg,0.058338214,0.13522743,0.027459837,0.6364985,0.020179002,0.0025767398,0.07043498,0.002922966,0.0006744858,0.04568779
img_79014.jpg,0.802219,0.03331191,0.0010181435,0.011397307,0.0007527699,0.0012669497,0.11616929,0.030705519,0.00023140563,0.0029276751
img_79419.jpg,0.050399635,0.0025444352,0.002254436,0.003974039,0.0021746114,0.0054026903,0.4854193,0.0004014077,0.004747422,0.44268197
img_79688.jpg,0.027230985,0.02820661,0.4271953,0.0053210864,0.026275836,0.30933794,0.015309902,0.08650219,0.061751768,0.01286839
img_79996.jpg,0.87224215,0.021968568,0.0356787,0.019805921,0.0024984018,0.0006938364,0.023611663,0.011627771,0.00049307133,0.0113798175
img_80055.jpg,0.33476305,0.11573096,0.03594245,0.004954308,0.0014768258,0.0012695268,0.4334903,0.0016769544,0.003028912,0.067666546
img_80076.jpg,0.3629019,0.07761088,0.0024746442,0.012673435,0.0028516997,0.006744075,0.41827622,0.09784881,0.0014963555,0.017121926
img_8015.jpg,0.25045687,0.10053046,0.0013937913,0.12683854,0.0028494867,0.0021528201,0.07441897,0.4358324,0.00041808077,0.005108524
img_8017.jpg,0.4839273,0.40869313,0.015086975,0.028579513,0.010817869,0.0017025186,0.021540044,0.015554742,0.0017387704,0.01235896
img_80374.jpg,0.030914187,0.045778513,0.043937333,0.019817092,0.015852163,0.124893025,0.48067236,0.02558904,0.06429398,0.14825228
img_80443.jpg,0.092188664,0.0071683275,0.016602714,0.0086081475,0.00064353365,0.003812022,0.7700434,0.0021482024,0.00012550158,0.098659456
img_80545.jpg,0.009626074,0.0053114216,0.0039789644,0.007187196,0.020818813,0.0015716134,0.022692872,0.0016417111,0.0061779637,0.9209934
img_80587.jpg,0.002172151,0.0007487938,0.0010325415,0.0033941271,0.0073740566,0.7453282,0.0009741369,0.044943843,0.19360422,0.0004278329
img_80712.jpg,0.4324255,0.2909224,0.005027977,0.09382527,0.0031557342,0.003997181,0.12612234,0.024771791,0.0013773431,0.018374415
img_80756.jpg,0.0016455279,0.0017396524,0.0072366367,0.0018776163,0.0063492474,0.38949886,0.0016701777,0.008436769,0.5811048,0.0004405675
img_80772.jpg,0.14510784,0.20236838,0.009999696,0.44849434,0.0046096924,0.008080038,0.09333803,0.03666225,0.0023873593,0.048952345
img_8084.jpg,0.0026569304,0.0007320749,0.0022920799,0.0019511817,0.011505886,0.6779513,0.00079378113,0.029082498,0.2726875,0.00034685605
img_80916.jpg,0.04670007,0.07693625,0.024924193,0.04408428,0.07275356,0.26538903,0.09094958,0.059657276,0.16970159,0.14890417
img_80954.jpg,0.6475302,0.02728955,0.00507684,0.06945258,0.014149235,0.006016427,0.17474078,0.005729358,0.003551741,0.04646321
img_80975.jpg,0.015680997,0.014415627,0.2657004,0.002877899,0.016015785,0.40665004,0.018764755,0.017605338,0.2366872,0.00560183
img_81129.jpg,0.7717876,0.019440878,0.0020507833,0.036781374,0.005224278,0.0010762904,0.08422018,0.011453233,0.00055226043,0.067413226
img_81225.jpg,0.016830659,0.0019207853,0.004461934,0.016882673,0.04987354,0.4363138,0.09185494,0.09310511,0.06986109,0.21889544
img_81314.jpg,0.3631226,0.23509422,0.03499125,0.1502533,0.009388792,0.0060138116,0.10057591,0.07570744,0.0011868144,0.023665909
img_81438.jpg,0.002223172,0.004804754,0.0057269386,0.005064239,0.10767394,0.12028341,0.00026175976,0.0059840744,0.74732196,0.0006557072
img_81654.jpg,0.019415872,0.063552015,0.00614763,0.87229455,0.004243815,0.00068431505,0.010833763,0.006625986,0.0005110808,0.01569092
img_81707.jpg,0.022682741,0.025641965,0.06355962,0.0116996,0.025400076,0.5696948,0.034006726,0.06782322,0.15886591,0.02062535
img_81755.jpg,0.012472439,0.036690004,0.0024043042,0.93643486,0.00041502973,0.00042977312,0.0022746124,0.003216988,0.0008475638,0.004814333
img_81896.jpg,0.13705306,0.037059896,0.0009092039,0.018784314,0.002848827,0.0072710724,0.05067943,0.7341342,0.0010184465,0.010241459
img_8195.jpg,0.7751827,0.010205913,0.0012518142,0.029660543,0.0035396684,0.0056518824,0.16000088,0.0045129284,0.0019227526,0.008070966
img_81984.jpg,0.02104428,0.051411558,0.026311914,0.026458347,0.3639786,0.12105786,0.053572144,0.049475208,0.12857638,0.15811372
img_82047.jpg,0.14821525,0.69124216,0.0347452,0.046681322,0.019705398,0.0018090175,0.0068704253,0.03405165,0.0045101866,0.012169481
img_82085.jpg,0.87853104,0.016141508,0.014888673,0.04694115,0.0034551914,0.00040166228,0.013014541,0.008518003,0.0006780295,0.017430207
img_82367.jpg,0.031258494,0.059317317,0.031740543,0.020291843,0.1000022,0.28896207,0.079861596,0.05220475,0.21715638,0.11920488
img_8249.jpg,0.13228261,0.03461515,0.005538111,0.013884448,0.019704387,0.008471689,0.19846235,0.0040256623,0.02227276,0.56074286
img_82501.jpg,0.0009907798,0.0027772365,0.014798097,0.0003959908,0.019259293,0.057697963,0.0018660683,0.0029556225,0.89790106,0.0013578293
img_82583.jpg,0.53609985,0.042347033,0.0012628033,0.0067174365,0.0019819282,0.0037614496,0.36661595,0.027275365,0.0012902213,0.012647954
img_8272.jpg,0.0023136793,0.0072194,0.04259446,0.0012364784,0.023884801,0.22465119,0.0038446921,0.014145775,0.6774055,0.002704087
img_82918.jpg,0.009205574,0.022901632,0.2894664,0.004340098,0.15407017,0.12818027,0.005639438,0.04047552,0.34170982,0.0040111467
img_82951.jpg,0.13685663,0.36318532,0.0043455195,0.24568641,0.0134136295,0.007791062,0.10953119,0.10307302,0.0039382544,0.012178929
img_82955.jpg,0.7159627,0.04878499,0.0022752997,0.009992323,0.0009437922,0.0010684241,0.19611374,0.004505328,0.00038420077,0.019969195
img_8302.jpg,0.014414101,0.0059640184,0.0030913549,0.004686954,0.004494512,0.0021447616,0.05681105,0.0006017514,0.0038804018,0.9039111
img_83254.jpg,0.02849269,0.0021494564,0.0015115442,0.0031824005,0.0023605584,0.0009265775,0.10494876,0.0003075229,0.00042046944,0.85569996
img_83285.jpg,0.16488646,0.037008233,0.012904596,0.29392812,0.03275535,0.00850219,0.20358488,0.013058981,0.0020843917,0.23128678
img_83361.jpg,0.006113097,0.004356506,0.009275713,0.014530037,0.033910487,0.56345236,0.005946636,0.21182916,0.14759062,0.0029953823
img_83426.jpg,0.45444787,0.036358137,0.0015344177,0.004518952,0.00293531,0.0033209408,0.4589831,0.009658465,0.0027621244,0.025480598
img_83435.jpg,0.1818084,0.103609726,0.036470495,0.40527904,0.0056550466,0.0092012575,0.16986685,0.027492033,0.0020353275,0.05858179
img_83530.jpg,0.17431922,0.076875955,0.018670764,0.023423007,0.014997674,0.030419422,0.05629804,0.5936953,0.0019359656,0.009364638
img_83568.jpg,0.03741905,0.060468856,0.027229864,0.025212832,0.038415316,0.33794916,0.11925411,0.05128308,0.18729186,0.11547586
img_83602.jpg,0.68913454,0.07754412,0.0012912237,0.019647874,0.0010875604,0.0017910135,0.1596131,0.04603853,0.0003103515,0.0035416323
img_83892.jpg,0.6058438,0.2614406,0.016888179,0.041189957,0.0160248,0.0014582945,0.018385977,0.02006676,0.0021664775,0.016535137
img_84034.jpg,0.8592015,0.019859863,0.0007942223,0.008923135,0.00064783107,0.0010711822,0.0848465,0.02198972,0.00019621586,0.0024696812
img_8410.jpg,0.060458813,0.027604237,0.004765981,0.81517863,0.0029425712,0.0025524632,0.042151332,0.0058157295,0.0011468326,0.037383366
img_84414.jpg,0.08459713,0.6181444,0.037202623,0.073506184,0.0038421263,0.0019081131,0.04821212,0.11908717,0.00051552895,0.012984566
img_84433.jpg,0.23677133,0.10336567,0.0018953282,0.016150339,0.0040068207,0.004716475,0.45719314,0.14493655,0.0010578628,0.029906446
img_84436.jpg,0.3937829,0.061886486,0.013258788,0.0057031154,0.001460753,0.0013303504,0.42320687,0.0017279554,0.002726299,0.0949164
img_84460.jpg,0.0011149024,0.0021361008,0.04129739,0.00066502,0.010258291,0.12140305,0.015449031,0.0036494886,0.7998165,0.0042102532
img_84474.jpg,0.0028335184,0.009665359,0.058941815,0.001916951,0.023354128,0.35567725,0.0050784484,0.026674857,0.5128051,0.0030526433
img_84725.jpg,0.22063984,0.00950942,0.009339358,0.02017015,0.00096633774,0.0034942755,0.63426435,0.0036734159,0.00017049377,0.09777229
img_84938.jpg,0.3507811,0.08079191,0.12089026,0.0048520043,0.0015177516,0.0010626428,0.36982718,0.0011857583,0.0031325012,0.065958776
img_8497.jpg,0.19727835,0.079755865,0.027366675,0.038963076,0.012124524,0.018478148,0.041865718,0.576683,0.001368413,0.0061162575
img_84974.jpg,0.6089454,0.037952032,0.005634142,0.004489958,0.029127888,0.0073585636,0.21591437,0.04573077,0.003355058,0.041491754
img_84975.jpg,0.013897196,0.008560314,0.009939478,0.012262274,0.045211695,0.3875861,0.13953035,0.05662385,0.17909938,0.14728935
img_85075.jpg,0.1073241,0.03399527,0.009972905,0.6255621,0.008301625,0.006549535,0.11297553,0.01022269,0.0018542348,0.083241954
img_85118.jpg,0.012896542,0.0010567587,0.003383115,0.018122472,0.11837344,0.4589298,0.02348069,0.16644484,0.120480984,0.07683126
img_85245.jpg,0.08319347,0.03946108,0.011715305,0.053253673,0.06530485,0.0023973251,0.09718445,0.0019225279,0.003914267,0.64165294
img_85262.jpg,0.115030035,0.03387856,0.0063206395,0.012954577,0.026514256,0.007481747,0.15803966,0.0046821805,0.021587169,0.6135111
img_85282.jpg,0.36332926,0.27461112,0.005684566,0.16230081,0.0034103608,0.0019892715,0.11099212,0.051672343,0.00048825872,0.025521914
img_85352.jpg,0.29266015,0.3061542,0.038634315,0.10544752,0.009047551,0.006738349,0.08647524,0.13630216,0.0012087321,0.01733177
img_85690.jpg,0.041574635,0.10839918,0.0023646788,0.813861,0.00124319,0.0020666611,0.0063163848,0.010935739,0.0021546565,0.011083899
img_85744.jpg,0.13827078,0.08213056,0.0065369755,0.009836974,0.013497806,0.043500435,0.3438545,0.3160983,0.019234244,0.027039556
img_85959.jpg,0.8683353,0.018007757,0.036680248,0.026372647,0.002636492,0.0006113532,0.025553282,0.010588406,0.00032088708,0.010893577
img_85969.jpg,0.08463423,0.0317692,0.019868443,0.69093657,0.0083930455,0.0042840512,0.07407268,0.0071933754,0.0014690314,0.07737932
img_85980.jpg,0.7229958,0.025650216,0.0011588299,0.012177456,0.0011987793,0.002469311,0.22324623,0.0040674447,0.0008995241,0.0061363718
img_8613.jpg,0.5933864,0.2560178,0.022238465,0.028655624,0.012522607,0.0032433905,0.037058003,0.028416982,0.0021313296,0.01632941
img_86145.jpg,0.18101679,0.10517804,0.0019420022,0.06428731,0.0024568927,0.0025726857,0.022627316,0.6091043,0.000426406,0.010388352
img_86332.jpg,0.14246769,0.70306605,0.025731094,0.06355823,0.018683346,0.001062235,0.0041209855,0.028522639,0.0027883158,0.00999937
img_86488.jpg,0.2961886,0.09418494,0.17419499,0.004160034,0.0018248765,0.0013094329,0.35535112,0.0012019264,0.0053125983,0.06627147
img_86656.jpg,0.006264876,0.0028297573,0.024010532,0.0017613379,0.07191745,0.28196487,0.0034870848,0.017054332,0.58589303,0.00481669
img_86685.jpg,0.006604225,0.012616038,0.0035692758,0.96777815,0.00028514134,0.00014403248,0.001981549,0.0008789965,0.00035129092,0.005791374
img_86967.jpg,0.11728,0.0023766172,0.0029388685,0.008639903,0.00960677,0.0026703805,0.044286188,0.0013781413,0.0029515713,0.80787146
img_87014.jpg,0.002287742,0.000550622,0.0022054012,0.0016513044,0.0091503095,0.6973195,0.00073940615,0.026976679,0.25882965,0.00028929312
img_87034.jpg,0.047955897,0.0038678888,0.0011226695,0.917818,0.00060088764,0.00028951804,0.0060969666,0.0023277155,0.00017952411,0.019740818
img_87160.jpg,0.01612649,0.0004184773,0.0032999332,0.013622596,0.021699032,0.4517086,0.12946965,0.13501047,0.02905667,0.19958815
img_87171.jpg,0.0024938812,0.00052955135,0.006227245,0.0005860006,0.02486979,0.31162798,0.0009231823,0.015764974,0.6362873,0.00069000776
img_8720.jpg,0.036969874,0.009079793,0.02115339,0.018086126,0.003095465,0.02770818,0.7590366,0.013006982,0.0055444934,0.10631906
img_87273.jpg,0.012771194,0.0040473402,0.032430366,0.9445661,0.0003345017,0.00011437602,0.00057097245,0.0008833823,0.00027135576,0.004010294
img_87278.jpg,0.018526113,0.028035397,0.0050067874,0.9102872,0.0016222061,0.0002747694,0.012671914,0.0009844347,0.00016159548,0.02242954
img_87552.jpg,0.11404658,0.068708725,0.20520416,0.07999407,0.021021245,0.022177042,0.025787437,0.4455591,0.0030074064,0.014494185
img_87738.jpg,0.19481641,0.1988425,0.008317101,0.4785869,0.014846585,0.013037827,0.040797267,0.02773001,0.006941041,0.016084328
img_87858.jpg,0.45480275,0.20402072,0.0590875,0.008338347,0.0033099344,0.0016330762,0.21879931,0.0034518556,0.0029506988,0.04360577
img_87919.jpg,0.0005355328,0.0016693742,0.016587019,0.00027997963,0.013101568,0.043671988,0.0011982205,0.0019163266,0.9200904,0.00094958005
img_87990.jpg,0.016122054,0.041453447,0.0050476063,0.9203989,0.0007950361,0.0006818344,0.002626347,0.0044577117,0.0013220636,0.007095121
img_88092.jpg,0.5090531,0.22489578,0.02096437,0.1614668,0.014764903,0.0004710493,0.013224594,0.012454466,0.005836406,0.036868535
img_88372.jpg,0.005015038,0.019430852,0.05123405,0.0035444996,0.015478682,0.6149806,0.0070284037,0.07594139,0.20488134,0.0024650898
img_88506.jpg,0.80907744,0.045794975,0.0022691428,0.01213166,0.0032713118,0.0014123532,0.085049115,0.026053175,0.00060627586,0.014334485
img_88559.jpg,0.23443232,0.57458,0.031224435,0.08285888,0.018894522,0.0019930736,0.008423384,0.027754351,0.0038143024,0.016024703
img_88573.jpg,0.256213,0.2145136,0.007677317,0.40270948,0.013339757,0.012381,0.046836864,0.02452666,0.005612996,0.016189223
img_88724.jpg,0.32999855,0.4484679,0.102052,0.040231198,0.029128741,0.0019632764,0.0101705175,0.017913219,0.0052125463,0.014862073
img_88950.jpg,0.0033685232,0.006442257,0.041789375,0.0022558167,0.028376536,0.25419426,0.004334211,0.014001021,0.64205205,0.0031858943
img_89032.jpg,0.53318274,0.17436866,0.004461226,0.0667275,0.002838845,0.0029388054,0.13098209,0.066921264,0.00065269496,0.016926173
img_89195.jpg,0.004686355,0.0035025731,0.0023612839,0.0035947692,0.020034263,0.00135429,0.013547343,0.003372115,0.0015030354,0.9460439
img_89208.jpg,0.41910744,0.094927624,0.0041396464,0.3492607,0.006499972,0.0024520557,0.08507529,0.006707631,0.001034473,0.030795226
img_89636.jpg,0.1779542,0.038651753,0.0030787115,0.026285803,0.0076303077,0.008814236,0.30380735,0.002709894,0.015068324,0.4159994
img_89648.jpg,0.4306562,0.15272178,0.007298429,0.052443165,0.048749037,0.0081053255,0.08987677,0.17493965,0.005697226,0.029512484
img_89661.jpg,0.59935373,0.2864879,0.01457903,0.016418185,0.010290489,0.0023406139,0.042373445,0.010061274,0.00284107,0.015254163
img_89671.jpg,0.5092759,0.047284495,0.016287614,0.006034449,0.0013112227,0.0017082854,0.35736132,0.0021529659,0.0025312372,0.056052536
img_89704.jpg,0.14070882,0.14255023,0.012890752,0.4264725,0.009904755,0.010999169,0.12400411,0.03961988,0.0036238565,0.089225784
img_89787.jpg,0.042418752,0.0025417854,0.8198238,0.11547603,0.007918737,0.00073539244,0.0004942027,0.0010128566,0.0023769524,0.0072014504
img_89833.jpg,0.40657032,0.046259332,0.0072031775,0.009351777,0.03224305,0.010489266,0.22749092,0.012006453,0.01240856,0.23597708
img_89854.jpg,0.01679525,0.02482195,0.010377321,0.9350275,0.0005724865,0.00040540993,0.0021254777,0.0030902699,0.0008287108,0.0059556803
img_89883.jpg,0.007827244,0.00234024,0.023220094,0.0021333373,0.088245295,0.33670524,0.00319714,0.025039835,0.5058495,0.005442096
img_89903.jpg,0.0014177954,0.003887365,0.0057156724,0.003756175,0.081828386,0.11700429,0.00017199876,0.0045199296,0.7813136,0.00038480252
img_89971.jpg,0.0034163168,0.0016855117,0.0012882506,0.0041567613,0.01087174,0.72088236,0.0014941929,0.075897574,0.17957577,0.0007315627
img_90039.jpg,0.00061718357,0.00062122184,0.00088087784,0.00030078596,0.006369734,0.23081334,0.00041906192,0.010955873,0.74890405,0.0001178252
img_90114.jpg,0.05147313,0.022198332,0.003982687,0.8214359,0.0056564896,0.0038748414,0.032698445,0.0064601167,0.0019698215,0.050250065
img_9017.jpg,0.033616688,0.04929594,0.03970233,0.01692922,0.0072957147,0.079258025,0.6115622,0.01977508,0.031595223,0.11096958
img_90272.jpg,0.059852324,0.084735245,0.010223796,0.049228262,0.093069166,0.021759333,0.18522869,0.043144543,0.008206195,0.44455254
img_90701.jpg,0.52746373,0.04280272,0.006838991,0.006791136,0.033359546,0.008706808,0.22103435,0.021068132,0.0071152044,0.12481933
img_90727.jpg,0.7151588,0.032375257,0.0020411063,0.012874743,0.00080684765,0.0017965985,0.21461657,0.010546948,0.00063186313,0.00915127
img_90814.jpg,0.003988508,0.0037749144,0.0035431802,0.9849281,0.00017176286,5.799388e-05,0.00031627354,0.00048553586,0.00020086647,0.0025328393
img_90854.jpg,0.0018762135,0.0029972398,0.0039592274,0.0012274095,0.006400878,0.3445467,0.0012421703,0.01638098,0.62103784,0.0003313034
img_90913.jpg,0.012887944,0.041095935,0.0049604736,0.9143646,0.0049995123,0.0024692868,0.0030237115,0.0063368534,0.003583892,0.0062777135
img_9104.jpg,0.017794862,0.01329201,0.8098747,0.039663367,0.012653441,0.004684049,0.0025577785,0.092951514,0.0010033651,0.0055249147
img_91289.jpg,0.03857574,0.029171806,0.0054857302,0.872763,0.0015142572,0.0011683933,0.024018688,0.0035518745,0.0007953667,0.02295512
img_91404.jpg,0.10060036,0.074711375,0.003590469,0.15611675,0.003534504,0.0028341403,0.38462844,0.013912329,0.0016825381,0.25838912
img_91542.jpg,0.6497094,0.14094572,0.0026959216,0.02478347,0.0037655223,0.002172888,0.1389421,0.02407851,0.00075522333,0.012151225
img_91604.jpg,0.1725406,0.106559925,0.06732798,0.26804978,0.094255164,0.038261823,0.14596705,0.043868944,0.017840896,0.045327708
img_91933.jpg,0.2750665,0.06822099,0.017257852,0.023264952,0.0030522272,0.02038455,0.45591483,0.022904927,0.0015940968,0.112339
img_92211.jpg,0.6712174,0.06928699,0.001491001,0.017726062,0.002295214,0.0034171774,0.15208066,0.0661649,0.0008772385,0.015443359
img_92297.jpg,0.015661437,0.041197956,0.0037484586,0.9230825,0.0007595267,0.0006667152,0.0025095725,0.004299545,0.0013567805,0.0067173736
img_92298.jpg,0.5149943,0.058027357,0.0013167768,0.021275697,0.0020736335,0.0023918233,0.35919866,0.0035002697,0.0019259427,0.035295542
img_92383.jpg,0.12746531,0.021413494,0.009426149,0.28450724,0.0079679405,0.0015860255,0.38666183,0.0049160244,0.00045608802,0.15559997
img_9244.jpg,0.001117831,0.0043604895,0.013725602,0.00075130514,0.034298465,0.052524537,0.0027715135,0.0035925768,0.884359,0.002498692
img_92582.jpg,0.16581538,0.08027362,0.104595825,0.57087827,0.0025613355,0.0044026254,0.021461844,0.022288542,0.004127318,0.023595138
img_92644.jpg,0.0048209704,0.0067023286,0.6487783,0.0013831115,0.039602425,0.117263645,0.0014677772,0.010194127,0.16869871,0.0010885412
img_9299.jpg,0.5602309,0.2046098,0.0027373713,0.024683015,0.0017815081,0.003007306,0.17634194,0.020362262,0.0006972082,0.005548733
img_93050.jpg,0.06871976,0.013330194,0.0039712633,0.009198645,0.011096604,0.003705202,0.10929647,0.0012424592,0.010858636,0.76858073
img_93092.jpg,0.0016086126,0.002162123,0.06780742,0.0009488009,0.011955758,0.3540027,0.004314327,0.014943754,0.5409506,0.0013058597
img_93142.jpg,0.0021592902,0.0036968857,0.03341169,0.001924514,0.016866673,0.15826413,0.027050406,0.0050895168,0.7415832,0.009953643
img_93201.jpg,0.0090169115,0.115485944,0.004068842,0.85902035,0.001484661,0.00020848657,0.0026956403,0.0007738205,0.0004701612,0.0067750392
img_93469.jpg,0.49348384,0.16744953,0.0077319844,0.03936633,0.0062588085,0.013468009,0.14347349,0.11795123,0.0012103575,0.009606303
img_93491.jpg,0.006087871,0.0005849441,0.0077767246,0.0026523916,0.050519176,0.5512607,0.0043424983,0.06847203,0.30247405,0.005829446
img_93498.jpg,0.36619207,0.02452206,0.0074419403,0.007862788,0.01840077,0.0076223942,0.21944737,0.004369205,0.010561635,0.3335797
img_93577.jpg,0.72203577,0.13017859,0.028568396,0.032223698,0.011107287,0.0013774473,0.030021667,0.021929808,0.002932774,0.019624542
img_93605.jpg,0.44921044,0.048586793,0.004148001,0.008975139,0.027518446,0.010448916,0.26250774,0.016049683,0.00963903,0.1629158
img_93934.jpg,0.12575723,0.21635428,0.041717052,0.040665064,0.036572818,0.16820319,0.05962086,0.18905234,0.049681246,0.07237585
img_93947.jpg,0.88021994,0.0106012095,0.030846467,0.042008825,0.0024771076,0.0003409401,0.0135537945,0.0068625347,0.0003001751,0.012789042
img_94297.jpg,0.08731119,0.0575709,0.012870366,0.040088415,0.0034331565,0.0048443396,0.020555986,0.7656457,0.00046860837,0.0072113327
img_94343.jpg,0.007818309,0.020598622,0.056378026,0.006160623,0.028221134,0.5684801,0.021438066,0.06326392,0.22051564,0.0071255313
img_94473.jpg,0.021726072,0.010760395,0.005328085,0.0107373,0.034271367,0.0013174529,0.033884518,0.0022168236,0.0017645337,0.87799335
img_94475.jpg,0.12342554,0.10178148,0.04634031,0.66102105,0.0020226364,0.0032976873,0.019861784,0.01995004,0.0031554336,0.019143976
img_94895.jpg,0.6225317,0.111305006,0.021705605,0.008528965,0.0020415375,0.0012965415,0.19468491,0.004624419,0.001144975,0.032136273
img_95039.jpg,0.06965875,0.027890282,0.0037783633,0.023383407,0.030727383,0.03500548,0.5554915,0.02182645,0.030211747,0.20202664
img_95128.jpg,0.078039974,0.030306213,0.007865883,0.7105031,0.018251989,0.009954462,0.04056301,0.011272291,0.0045359195,0.088707164
img_95148.jpg,0.06355865,0.4648173,0.01834507,0.36348256,0.010909613,0.0021988808,0.03712069,0.004037253,0.0018293486,0.033700645
img_95215.jpg,0.11349303,0.4796438,0.014393884,0.10854874,0.005692039,0.008485085,0.12867378,0.11566649,0.002317849,0.023085197
img_9531.jpg,0.3284517,0.1380634,0.0048136776,0.013869624,0.0036254255,0.004977794,0.1548112,0.3394959,0.00051959214,0.011371742
img_95401.jpg,0.8589003,0.021100009,0.0015135512,0.007248575,0.00085999985,0.0010040589,0.09335018,0.006753509,0.00027561135,0.008994316
img_95494.jpg,0.0015766333,0.0011770542,0.0073248865,0.0012448316,0.0033526483,0.65601903,0.0011616265,0.006882732,0.32111707,0.00014344275
img_95566.jpg,0.19438018,0.01262078,0.004195736,0.0053311237,0.005278586,0.003938863,0.51583093,0.0043417895,0.0037096373,0.2503724
img_95604.jpg,0.14170988,0.05020205,0.0065468606,0.017137568,0.024606733,0.016925303,0.2755266,0.0074680415,0.033095725,0.42678133
img_95770.jpg,0.054659363,0.1198972,0.009514357,0.7678074,0.0015880037,0.003023871,0.008989033,0.019020965,0.0025455463,0.012954211
img_96145.jpg,0.5876792,0.012856975,0.002743661,0.27916858,0.011046567,0.0050861356,0.06465535,0.0054057897,0.0021550024,0.029202683
img_9615.jpg,0.09624466,0.027524127,0.00078453246,0.019875979,0.003245647,0.008685516,0.050131075,0.7826005,0.0010787024,0.009829264
img_96482.jpg,0.41899836,0.016844612,0.0016559059,0.023849674,0.0020065834,0.0029677206,0.4582619,0.0009200754,0.0033653802,0.07112985
img_96547.jpg,0.15816717,0.7025262,0.023085207,0.040434107,0.01649302,0.0015952508,0.0067884563,0.035718262,0.0031413208,0.012050839
img_96690.jpg,0.56151897,0.34314272,0.011744758,0.019068746,0.0070995884,0.0017118583,0.028676616,0.015235087,0.0013382793,0.010463498
img_96702.jpg,0.3214298,0.318745,0.0049078865,0.1939854,0.010644159,0.009567756,0.08426001,0.043696642,0.003026145,0.009737319
img_96819.jpg,0.12199439,0.056286313,0.014978792,0.12151517,0.1463677,0.035549667,0.13222681,0.035133004,0.010932665,0.32501543
img_9682.jpg,0.000435629,0.0010037782,0.03257348,0.00018835107,0.0060601276,0.056851532,0.0039847144,0.0018254734,0.8959539,0.0011229459
img_96851.jpg,0.043585323,0.041509017,0.06741076,0.017112903,0.02596418,0.53296155,0.039952572,0.12188732,0.08021261,0.02940371
img_9699.jpg,0.0023510598,0.0021531691,0.007436695,0.0016078341,0.004738504,0.6611165,0.0013330608,0.0144892335,0.30454847,0.00022543682
img_9704.jpg,0.41832212,0.0621331,0.1853762,0.048242632,0.021188088,0.008975364,0.20501055,0.02602908,0.0009414209,0.023781333
img_9709.jpg,0.07742529,0.09585581,0.024607915,0.048714608,0.058070693,0.26240745,0.09044613,0.075208746,0.10626188,0.16100141
img_9726.jpg,0.8505718,0.05636035,0.0016788195,0.0104227755,0.0033265757,0.0014496024,0.04597757,0.022548443,0.00032636608,0.007337682
img_97359.jpg,0.7737799,0.06471525,0.008737978,0.009886749,0.0016423162,0.00082401,0.11329196,0.0099066915,0.00041868858,0.016796453
img_97558.jpg,0.42571792,0.34848908,0.03623162,0.09836696,0.038525015,0.0016763918,0.0096660685,0.010958037,0.00875959,0.021609345
img_97634.jpg,0.01767765,0.023723092,0.024821324,0.018694792,0.0069078323,0.07460646,0.58793145,0.012354802,0.03064217,0.20264037
img_97673.jpg,0.18211667,0.0035942595,0.002229938,0.00639162,0.0038854,0.0022274505,0.28140384,0.00086702144,0.0015622952,0.5157215
img_97861.jpg,0.22854224,0.519732,0.06051908,0.042445775,0.030727735,0.007089228,0.014914696,0.070626,0.008128507,0.017274681
img_97906.jpg,0.27170274,0.018603213,0.005426746,0.027756646,0.010093232,0.0052119424,0.36330438,0.020725565,0.0014302747,0.27574533
img_98089.jpg,0.78683007,0.03300424,0.0026835469,0.007701249,0.0016187656,0.0011102628,0.122146726,0.0040666666,0.0005463188,0.040292133
img_98324.jpg,0.0061306586,0.006702843,0.007541828,0.009176137,0.2025524,0.16878511,0.00083672063,0.019035505,0.5775047,0.0017340935
img_9836.jpg,0.03701285,0.027681729,0.013089906,0.019282605,0.24313681,0.025292033,0.051125173,0.028384121,0.10130469,0.45369002
img_98549.jpg,0.7593672,0.040791083,0.001216989,0.01891926,0.0014500754,0.0026502712,0.16382676,0.005271915,0.0008776283,0.005628623
img_9858.jpg,0.020749547,0.016849922,0.035522994,0.013934239,0.26188496,0.16050912,0.0044680913,0.086180665,0.39304736,0.006853194
img_98846.jpg,0.5032524,0.10470526,0.0027512477,0.114562094,0.0036510017,0.0054426077,0.18617709,0.058468405,0.0010306465,0.019959092
img_98916.jpg,0.18117146,0.10430121,0.0060930913,0.05170468,0.04389995,0.0022392347,0.24916328,0.0030547862,0.0021565296,0.35621583
img_99119.jpg,0.10273738,0.22004694,0.006061952,0.556492,0.004451434,0.009862649,0.03353395,0.029545631,0.003868364,0.03339971
img_99175.jpg,0.5117542,0.28944308,0.08771634,0.021307897,0.019490238,0.002760525,0.030156707,0.0111501375,0.004558204,0.021662667
img_99182.jpg,0.0867043,0.03421131,0.006374827,0.69711167,0.0043284358,0.0039477646,0.10012633,0.0080555435,0.001506207,0.05763362
img_99283.jpg,0.033821523,0.03050027,0.0066033844,0.029450107,0.23629797,0.07860124,0.09819449,0.22429134,0.10351099,0.15872864
img_99374.jpg,0.0020639703,0.0018091955,0.0063998364,0.0014275042,0.004843695,0.59280694,0.0011800267,0.01032864,0.37893662,0.00020356498
img_99429.jpg,0.54315287,0.09934495,0.05248959,0.009735895,0.0037436127,0.00222796,0.22975072,0.0051483805,0.0026612561,0.05174479
img_99439.jpg,0.7174658,0.08121546,0.0018404383,0.018357247,0.0013447334,0.0023613311,0.15732482,0.012745923,0.0005728551,0.0067713275
img_99455.jpg,0.029323472,0.0030169727,0.0030705796,0.0032465793,0.00548671,0.0017573445,0.08375876,0.0008353983,0.0010008273,0.86850333
img_9956.jpg,0.22819479,0.019837575,0.011441984,0.02392493,0.001416494,0.004532003,0.637942,0.0062977294,0.00030603068,0.06610642
img_99780.jpg,0.29201278,0.07199513,0.0025849238,0.52873695,0.0030020261,0.0023883164,0.012178968,0.07315855,0.00047225007,0.013470141
img_99947.jpg,0.0054235216,0.01124371,0.09687368,0.0038683848,0.018149622,0.65692496,0.0072793327,0.06702425,0.1304351,0.0027774482
img_behind/img.jpg,0.0001579058,0.0008248603,0.000378489,0.9979921,0.0001307861,4.2277068e-05,4.878123e-05,0.00015441967,9.461819e-05,0.00017572827
img_behind/img.jpg,0.00057274534,0.0027605458,0.0011210211,0.99190706,0.00063876447,0.00024286097,0.0003195835,0.00089412986,0.00051114167,0.0010320827
img_behind/img.jpg,0.00664934,0.001773504,0.00069278886,0.98565406,0.00046037333,0.00017354633,0.00084478967,0.00027919098,0.00012389178,0.0033484057
img_behind/img.jpg,0.00024774653,9.095634e-05,0.00013571739,0.99912965,4.370243e-05,2.901132e-05,3.1184023e-05,0.00014350303,1.1723332e-05,0.00013675822
img_behind/img.jpg,0.00017682588,3.4855293e-05,0.0004109843,0.99924266,3.375087e-05,1.7582744e-05,1.6063594e-05,7.5849016e-06,7.3440337e-06,5.2378866e-05
img_behind/img.jpg,0.03819616,0.005284558,0.34643564,0.5860076,0.003814048,0.0010515368,0.0011211028,0.0037088017,0.0011143651,0.013266146
img_behind/img.jpg,0.00015549528,3.3056785e-05,8.7410815e-05,0.9995099,2.7950273e-05,1.9874431e-05,1.8813394e-05,6.892485e-05,5.74842e-06,7.291838e-05
img_behind/img.jpg,0.00023318443,0.0003740301,0.0007998649,0.99783844,0.00021119081,6.827216e-05,0.00010428961,0.000103850936,3.390855e-05,0.00023303837
img_behind/img.jpg,0.0012368246,0.0041628433,0.00074666465,0.99096775,0.00021481444,9.161789e-05,0.0001080668,0.00041201737,0.00061694224,0.0014422971
img_behind/img.jpg,0.0010765227,0.005792534,0.00048943586,0.98791295,0.0006861072,0.00034079514,0.00037648584,0.0017433392,0.0005322508,0.0010494577
img_behind/img.jpg,0.0017913685,0.0024762424,0.00031068223,0.992699,0.00013711257,2.4298382e-05,0.0007242047,0.00016732037,1.8876124e-05,0.0016509134
img_behind/img.jpg,0.001207712,0.0052309097,0.0016749856,0.9874823,0.00043410453,0.00013001938,0.00011012662,0.0006595758,0.00095302565,0.0021171502
img_behind/img.jpg,0.00034731624,3.883832e-05,0.0007278217,0.99854,7.172657e-05,4.4385262e-05,2.7131882e-05,5.7466194e-05,1.317347e-05,0.00013208612
img_behind/img.jpg,0.0010146566,0.0046036206,0.0010247268,0.99009174,0.0003066054,8.538218e-05,7.253641e-05,0.00051782955,0.0008693671,0.0014134846
img_behind/img.jpg,0.0023392371,0.0029375476,0.011058144,0.97848254,0.00074948877,0.0001696482,9.468423e-05,0.00047018786,0.0010601248,0.0026383137
img_behind/img.jpg,0.0018518236,0.004718038,0.00078231026,0.9893409,0.00021064814,0.00011255748,0.00015408995,0.0005356214,0.00052351324,0.0017703834
img_behind/img.jpg,0.051710892,0.15799463,0.0025280693,0.45382646,0.0040669898,0.0031585547,0.006549813,0.31778663,0.0008508824,0.0015269745
img_behind/img.jpg,0.0006079314,0.0035837677,0.0012165848,0.99102294,0.00055435667,0.00019172842,0.00022387422,0.00092979445,0.000570732,0.0010983907
img_behind/img.jpg,0.0008245758,0.00022648182,0.00022959447,0.99786055,4.913916e-05,1.4058024e-05,0.00018794114,7.034672e-05,6.7328124e-06,0.00053074514
img_behind/img.jpg,0.00036049174,0.0018900156,0.00022351433,0.9962101,0.00024050518,9.938936e-05,8.656246e-05,0.0004888016,0.00014353388,0.00025707728
img_behind/img.jpg,0.0013247808,0.0038570142,0.0015665955,0.99017936,0.0003377495,7.640094e-05,8.396949e-05,0.00037946212,0.00058060803,0.0016140387
img_behind/img.jpg,0.5210577,0.25190243,0.0067839813,0.11217829,0.009039565,0.0033530372,0.037003815,0.04515438,0.0016394744,0.011887401
img_behind/img.jpg,0.0034742611,0.0095394915,0.0006363692,0.97752935,0.00040341605,0.00025042292,0.0008038969,0.0013248934,0.00084544835,0.005192352
img_behind/img.jpg,0.0020695901,0.010304842,0.0014456931,0.97787845,0.00073893333,0.0002734421,0.00028919856,0.0016277244,0.001606471,0.0037657684
img_behind/img.jpg,0.0020120873,0.00489013,0.0044161268,0.98287886,0.00068496645,0.00020645125,0.00013892613,0.00070150197,0.0013681807,0.0027027288
img_behind/img.jpg,0.0066703716,0.03848917,0.0008482104,0.7733326,0.0018308429,0.0016089431,0.0014368382,0.17487845,0.00042494247,0.00047962938
img_behind/img.jpg,0.45516947,0.41233793,0.0095579615,0.024960319,0.016125398,0.004330799,0.024670802,0.031005142,0.0033842924,0.018457945
img_behind/img.jpg,0.00010770909,0.00055981666,0.00015984882,0.99870515,8.5846645e-05,3.365184e-05,3.418217e-05,0.00014560008,6.654377e-05,0.000101598926
img_behind/img.jpg,7.6695935e-05,0.0004375334,0.00010672483,0.99911094,3.898562e-05,2.0272477e-05,1.6795579e-05,8.3349245e-05,4.92902e-05,5.9300794e-05
img_behind/img.jpg,0.013199546,0.04542786,0.01240493,0.9119108,0.0023513834,0.00040798905,0.0042681783,0.0025395532,0.00018583542,0.007303959
img_behind/img.jpg,0.0007732234,0.0047645112,0.0005979168,0.990487,0.00043290504,0.00019909198,0.00018793682,0.0012909326,0.00047054922,0.0007959139
img_behind/img.jpg,0.0045156004,0.005931092,0.0018712777,0.26237383,0.01818679,0.005623693,0.0010956043,0.6981983,0.0015458314,0.00065779773
img_behind/img.jpg,0.00016362524,4.9059774e-05,0.000101229714,0.9994803,2.1648944e-05,1.5882904e-05,1.6497266e-05,6.544089e-05,7.4818454e-06,7.880462e-05
img_behind/img.jpg,0.0006162237,9.917161e-05,0.00094675797,0.9975707,0.00017488652,9.2255796e-05,6.610022e-05,0.00011798492,2.7053766e-05,0.000288745
img_behind/img.jpg,0.0335688,0.11965829,0.09081824,0.68845934,0.0064048786,0.0016670123,0.007162412,0.02943336,0.0005675041,0.02226015
img_behind/img.jpg,0.0077115474,0.00023804851,0.0019194048,0.9855641,0.0017961203,0.00040295848,0.0009713981,0.00011141904,3.0353931e-05,0.0012545729
img_behind/img.jpg,0.0072830208,0.02897563,0.0015374963,0.95069885,0.00061367505,0.00044715413,0.00095353177,0.002721744,0.0015300066,0.005238846
img_behind/img.jpg,0.0047739684,0.00050112966,0.00044485848,0.99151176,0.0002280156,0.00010837058,0.00043255772,0.00018942372,6.478334e-05,0.0017450922
img_behind/img.jpg,0.00097235874,0.0009532229,0.0003026629,0.9963769,7.690083e-05,1.599022e-05,0.0003578498,8.865374e-05,1.2252179e-05,0.00084322266
img_behind/img.jpg,0.00021828555,1.3493629e-05,0.00043588964,0.9991669,4.057494e-05,2.9177023e-05,2.1938822e-05,1.8973453e-05,3.5627252e-06,5.1230763e-05
img_behind/img.jpg,0.07062716,0.07531566,0.0060629845,0.19440137,0.03171453,0.011954758,0.018695144,0.5803333,0.003254667,0.0076403683
img_behind/img.jpg,0.0006565333,0.0021634721,0.0024964423,0.9915405,0.0004522463,0.00011273749,5.5730656e-05,0.0003966343,0.00071563607,0.0014101255
img_behind/img.jpg,0.0010460275,0.00016675751,0.0014139342,0.99620783,0.00028525328,0.00014731381,0.00014433492,0.00014570144,4.185083e-05,0.000400829
img_behind/img.jpg,0.00013971866,5.314934e-05,0.00012117996,0.99951893,1.9293524e-05,1.2648489e-05,1.2881082e-05,5.117199e-05,8.666352e-06,6.229166e-05
img_behind/img.jpg,0.005649169,0.00060631393,0.00048441734,0.98993844,0.00030748727,0.00016554854,0.0005316781,0.000228335,9.315543e-05,0.0019954164
img_behind/img.jpg,0.34556058,0.33678186,0.0044228313,0.13066837,0.019152151,0.007734779,0.025057307,0.108480334,0.0029429353,0.019198835
img_behind/img.jpg,0.0004633213,0.00013871738,0.00016208907,0.9985657,7.240014e-05,4.40733e-05,4.9102935e-05,0.00026825033,1.3854319e-05,0.00022246093
img_behind/img.jpg,0.00096111314,0.00017769991,0.0038341107,0.994222,0.00014888673,6.2878986e-05,6.64348e-05,0.00011337577,3.0528732e-05,0.00038287925
img_behind/img.jpg,0.04236049,0.012513316,0.22321458,0.6646428,0.009964556,0.0034425962,0.0024985482,0.025174577,0.00093898614,0.015249417
img_behind/img.jpg,0.00031089276,5.1025712e-05,0.00074892334,0.9986578,5.8141522e-05,2.7618287e-05,2.7607384e-05,1.170244e-05,1.131218e-05,9.485157e-05
img_behind/img.jpg,0.006456283,0.014529408,0.00067421707,0.9616692,0.0009482557,0.0004723569,0.0012381825,0.002448926,0.0016812924,0.009881876
img_behind/img.jpg,0.004731798,0.018832114,0.00792959,0.9532106,0.0015482452,0.00073070027,0.000574908,0.0028841526,0.0033563778,0.0062014707
img_behind/img.jpg,0.00021594395,0.0001330212,0.00033644398,0.9987962,0.00011241596,6.691941e-05,4.7734975e-05,0.00010614126,2.9012648e-05,0.00015641042
img_behind/img.jpg,0.0001692878,8.787822e-05,0.00010666547,0.9993679,3.7662856e-05,2.1088075e-05,2.510407e-05,8.23064e-05,1.0046804e-05,9.2101116e-05
img_behind/img.jpg,0.00026366778,1.1158558e-05,0.00045947652,0.99912035,2.3868231e-05,1.8993116e-05,9.1108495e-06,2.6575082e-05,4.968249e-06,6.187773e-05
img_behind/img.jpg,0.0001934198,0.00014090295,0.00028007766,0.9989144,9.4507865e-05,5.7846257e-05,4.4653258e-05,9.7222066e-05,2.5760619e-05,0.0001512203
img_behind/img.jpg,0.11031214,0.14426112,0.009383829,0.12562923,0.016303213,0.00959507,0.056893837,0.51333326,0.0032843992,0.011003867
img_behind/img.jpg,0.00011169283,0.0005613026,0.00020063664,0.9987658,6.324888e-05,2.7082795e-05,2.2360755e-05,0.00010568352,5.590431e-05,8.623638e-05
img_behind/img.jpg,0.000776506,0.0013562158,0.00013601138,0.9956169,0.00016435435,3.798218e-05,6.8742615e-05,0.0014197372,1.6022183e-05,0.00040760654
img_behind/img.jpg,0.004218413,0.009187739,0.0017387195,0.9789947,0.00030930885,0.00021593319,0.00051488215,0.0010507733,0.00064958964,0.003119919
img_behind/img.jpg,0.12947074,0.13015313,0.010922672,0.13703543,0.029872803,0.012035382,0.03626352,0.4965559,0.0037943816,0.013896066
img_behind/img.jpg,0.12840864,0.32257098,0.0037757414,0.4437284,0.0031176882,0.0012574077,0.042885087,0.025241304,0.0006706817,0.028344043
img_behind/img.jpg,0.0012165379,0.00030460095,0.0017742901,0.9949677,0.0004004125,0.00022075542,0.0002262622,0.0002557747,6.893563e-05,0.0005649406
img_behind/img.jpg,0.0028523172,0.0015122092,0.00047386013,0.98724025,0.0003608541,0.00020447021,0.00024734953,0.0058612325,9.562028e-05,0.0011516729
img_behind/img.jpg,0.001688446,0.0054719085,0.00082984037,0.98811984,0.0002702334,0.00014874147,0.0001794457,0.0005782362,0.00078768394,0.0019256701
img_behind/img.jpg,0.0009156725,0.0013110688,0.0003878174,0.995781,0.00012913403,3.9249124e-05,0.00037284297,0.00014368798,2.6250285e-05,0.00089335017
img_behind/img.jpg,0.00040759888,6.611271e-05,0.0014774255,0.99768984,7.938952e-05,5.740867e-05,3.096977e-05,4.431915e-05,2.1845908e-05,0.00012499651
img_behind/img.jpg,0.00552393,0.0030684255,0.00034587886,0.98739606,0.00013479072,4.3367207e-05,0.0003902068,0.00049978273,6.612526e-05,0.0025314328
img_behind/img.jpg,0.003574681,0.017202368,0.00050706527,0.8415516,0.001766497,0.001393681,0.0008257016,0.13255459,0.00029710206,0.0003265677
img_behind/img.jpg,0.014425967,0.047398735,0.0032880805,0.923604,0.0020878408,0.00024958578,0.0016928904,0.0009615435,0.00024400183,0.006047195
img_behind/img.jpg,0.026416492,0.059575297,0.0014259275,0.51560235,0.005594927,0.0033045723,0.003188267,0.38328063,0.00065489026,0.0009564755
img_behind/img.jpg,0.0022638016,0.005882496,0.0010678711,0.9833043,0.00057322485,0.00022009149,0.00032278962,0.0011113681,0.0012167619,0.0040373704
img_behind/img.jpg,0.00037826822,5.2537704e-05,0.00054508715,0.998552,9.752791e-05,6.0796017e-05,4.0072126e-05,8.6585096e-05,1.7243601e-05,0.00016989537
img_behind/img.jpg,0.01565562,0.047352087,0.0010746766,0.90987265,0.0035799316,0.0019476971,0.0032695772,0.01327365,0.001206334,0.0027676746
img_behind/img.jpg,0.0018268037,0.022701066,0.00062808895,0.94946665,0.000932911,0.00031041238,0.0007381169,0.022313612,0.00024954186,0.0008327515
img_behind/img.jpg,0.0010861101,0.0029735558,0.0013931129,0.992097,0.00027322804,5.5652283e-05,5.2907446e-05,0.00029057692,0.00047561649,0.0013022226
img_behind/img.jpg,0.0016740396,0.0016412077,0.00028382914,0.99429435,0.00014298869,5.2710064e-05,0.00033481896,0.00022079334,4.0918763e-05,0.0013143761
img_behind/img.jpg,0.0004332046,5.3948443e-05,0.0004921597,0.9985919,6.9912014e-05,4.8534082e-05,3.4827146e-05,8.4574254e-05,1.7118304e-05,0.00017382398
img_behind/img.jpg,0.0042405515,0.0056999032,0.003969836,0.97765267,0.00072860956,0.00018252697,0.0003630228,0.0007572115,0.0007663902,0.0056392513
img_behind/img.jpg,0.0005052802,1.1877869e-05,0.0011365602,0.9980849,8.392022e-05,4.514386e-05,3.43949e-05,1.3882941e-05,3.30389e-06,8.0714824e-05
img_behind/img.jpg,0.00033360487,4.9024697e-05,0.000679825,0.9986894,5.8597816e-05,3.1391035e-05,2.9146397e-05,1.4551194e-05,1.1701048e-05,0.000102784434
img_behind/img.jpg,0.00043386006,0.002635451,0.00062514166,0.9939404,0.0003951712,0.00013667905,0.00016235854,0.0005888876,0.00038615923,0.0006959217
img_behind/img.jpg,0.0003805383,0.0003625215,7.3926385e-05,0.99839145,6.783653e-05,1.8027114e-05,3.1818185e-05,0.00048346483,6.1966557e-06,0.00018427768
img_behind/img.jpg,0.00022804715,0.0001644714,0.0012467557,0.997759,0.000215245,6.781451e-05,7.381139e-05,4.8245525e-05,2.3874658e-05,0.00017264308
img_behind/img.jpg,0.00046771663,0.0028663676,0.0014333471,0.9928236,0.0003877705,0.00012586365,0.00012802493,0.0005110474,0.0005400439,0.00071620994
img_behind/img.jpg,0.0005140381,4.1992374e-05,0.0005962708,0.9984519,8.562425e-05,5.9437363e-05,6.4419415e-05,3.671908e-05,8.0744085e-06,0.0001415746
img_behind/img.jpg,0.0068771276,0.00028253443,0.0010923982,0.9880753,0.0009870896,0.0003109106,0.0010135161,0.00010163163,2.9491572e-05,0.0012300314
img_behind/img.jpg,0.0003577492,0.00046332405,0.00010825176,0.99864584,5.3635904e-05,2.322438e-05,3.4657693e-05,0.00012703193,1.5628197e-05,0.00017070523
img_behind/img.jpg,0.0004168145,0.00016728348,0.0012173435,0.99762917,0.00012544604,7.8108125e-05,5.9044185e-05,6.55149e-05,4.1693474e-05,0.00019958167
img_behind/img.jpg,0.16141947,0.3887856,0.016779967,0.06790068,0.0066030575,0.004440094,0.029790392,0.31568682,0.0024932183,0.0061008316
img_behind/img.jpg,0.00018871801,8.411506e-05,0.00020995252,0.99915415,6.15743e-05,3.5840763e-05,3.957507e-05,8.290834e-05,1.6530747e-05,0.00012662537
img_behind/img.jpg,0.00043905532,0.00013414056,0.00015037795,0.9987608,3.4884368e-05,1.7371756e-05,7.949825e-05,7.1540475e-05,9.908631e-06,0.000302449
img_behind/img.jpg,0.0136684375,0.053038824,0.0022052848,0.9098372,0.0011937141,0.0008994864,0.0017565079,0.005841532,0.0024773213,0.0090817055
img_behind/img.jpg,0.007509656,0.00042986483,0.00044792963,0.9880581,0.00023566501,7.6881006e-05,0.00046428168,0.00021382737,6.262225e-05,0.0025013213
img_behind/img.jpg,0.0040706373,0.0030729815,0.033458453,0.9493742,0.0021151132,0.000670328,0.0002665098,0.00069705845,0.0024710274,0.003803705
img_behind/img.jpg,0.005145316,0.0012938684,0.00069639157,0.9888163,0.0003782893,0.00017855596,0.0006837028,0.00022691893,0.00011588868,0.0024647748
img_behind/img.jpg,0.00043521015,0.00011789613,0.0013991456,0.997537,0.00011753779,7.837713e-05,5.0486608e-05,6.0643066e-05,3.201204e-05,0.00017147309
img_behind/img.jpg,0.005962414,0.017375534,0.009866571,0.9553169,0.0012352747,0.00023450475,0.0014556448,0.0019924957,0.00015651296,0.0064041163
img_behind/img.jpg,0.0076072915,0.0014293309,0.011154584,0.9728209,0.0014246305,0.000559737,0.00037375666,0.0019362873,0.00020651949,0.0024868741
img_behind/img.jpg,0.007882603,0.006436153,0.0014888786,0.9775691,0.00078378705,0.00021918684,0.0009432577,0.00039699776,0.00019970878,0.0040802355
img_behind/img.jpg,0.00050964183,7.300581e-05,0.0005393913,0.9983148,0.00011066999,6.504942e-05,5.2629715e-05,9.087817e-05,2.1250664e-05,0.00022259029
img_behind/img.jpg,0.00011979819,2.5394711e-05,5.4310658e-05,0.9996674,1.638346e-05,1.1967012e-05,1.1673209e-05,3.890068e-05,4.1260173e-06,5.008837e-05
img_behind/img.jpg,0.0025740752,0.008200343,0.0040006503,0.97373134,0.001452651,0.0006132959,0.0003735592,0.0018666164,0.0020781136,0.0051093125
img_behind/img.jpg,0.00048945256,0.00012745456,0.00076047063,0.9981943,9.255483e-05,4.7800473e-05,5.7393125e-05,2.3037355e-05,2.3826058e-05,0.00018370057
img_behind/img.jpg,0.00037047087,0.00015637567,0.00032303954,0.99867916,0.000101256956,5.4151926e-05,7.300892e-05,5.2199022e-05,1.6605314e-05,0.0001739166
img_behind/img.jpg,0.0041763345,0.03684916,0.0007890854,0.88024104,0.0016268682,0.00095969293,0.0015535199,0.07239573,0.00044555252,0.0009629737
img_behind/img.jpg,0.0029947448,0.0049605533,0.00076521595,0.98070514,0.00079710153,0.00023563254,0.00038486798,0.0070445673,9.754591e-05,0.002014489
img_behind/img.jpg,0.0006339107,3.7328304e-05,0.0014525424,0.99723065,0.0002288702,0.000107012835,7.96331e-05,6.989932e-05,1.1033142e-05,0.00014916249
img_behind/img.jpg,0.00028582755,8.728379e-05,0.00012905282,0.9990421,4.5711873e-05,2.8931308e-05,3.090325e-05,0.0001886893,1.0615701e-05,0.00015086509
img_behind/img.jpg,0.0008234394,0.00026804156,0.0029198222,0.995105,0.0002901697,7.316376e-05,0.00013297371,6.617976e-05,1.8720895e-05,0.000302389
img_behind/img.jpg,0.00026321254,0.00019794791,0.00019050558,0.99896026,3.816199e-05,1.3797454e-05,7.850842e-05,4.3500477e-05,9.0754775e-06,0.00020486602
img_behind/img.jpg,8.675864e-05,0.00041440057,0.00022432212,0.998965,5.857113e-05,2.498239e-05,1.9040868e-05,8.353919e-05,5.516661e-05,6.794857e-05
img_behind/img.jpg,0.009293568,0.0062650014,0.021665322,0.9497058,0.0011538689,0.00029848056,0.00050499494,0.0013155089,0.0007210755,0.009076327
img_behind/img.jpg,0.0003504257,9.053866e-05,0.0006143532,0.99856174,7.248296e-05,5.6432404e-05,4.334839e-05,4.977958e-05,2.8129942e-05,0.00013272376
img_behind/img.jpg,0.0007166141,0.0021560183,0.0016196412,0.993605,0.00044106765,0.00011075429,0.0003051344,0.0002759919,7.408787e-05,0.0006956401
img_behind/img.jpg,0.0024927831,0.0005270887,0.00089211063,0.99437135,0.00023685052,4.0858176e-05,0.0001858547,6.0595376e-05,6.5830944e-05,0.0011268153
img_behind/img.jpg,0.00021918929,1.4990944e-05,0.00037028093,0.99922246,3.809636e-05,2.8449116e-05,2.2049284e-05,2.458579e-05,3.8389057e-06,5.603334e-05
img_behind/img.jpg,0.01606851,0.053760864,0.008315085,0.9014933,0.002281363,0.00039897734,0.004834254,0.004068591,0.00016376386,0.008615261
img_behind/img.jpg,0.15250787,0.08153591,0.002435,0.20249552,0.027210481,0.00940801,0.023435676,0.4898694,0.0026393097,0.008462888
img_behind/img.jpg,0.0083698165,0.019489655,0.012090533,0.94743466,0.0014367616,0.00027137712,0.0018067291,0.00182079,0.0001408759,0.0071388213
img_behind/img.jpg,0.001799001,0.00014369065,0.00026159588,0.9966658,3.4533638e-05,1.6475886e-05,0.00012075468,0.0001325405,1.1380754e-05,0.0008143009
img_behind/img.jpg,0.00030205247,2.4770674e-05,0.00052947865,0.9989154,3.5730372e-05,2.6140151e-05,1.576628e-05,4.5394005e-05,8.968795e-06,9.630921e-05
img_behind/img.jpg,0.0005839459,0.0007320255,0.000120716264,0.99720234,0.00011898467,2.4078823e-05,5.793499e-05,0.000835206,9.822735e-06,0.0003149656
img_behind/img.jpg,0.0001837981,0.0011706825,0.0001980031,0.99753344,0.00015095624,6.537481e-05,6.9275135e-05,0.00030199208,0.00013048659,0.00019598952
img_behind/img.jpg,0.0013468751,0.0041440567,0.0010792874,0.99049634,0.00020619159,6.33984e-05,0.000112935086,0.00039998814,0.00041899673,0.0017320017
img_behind/img.jpg,0.00031192254,0.00016744662,0.00026439194,0.9985088,0.00012358544,5.9053145e-05,6.3200656e-05,0.00024130165,2.5726471e-05,0.00023463939
img_behind/img.jpg,0.005338882,0.014341534,0.0012993542,0.95919967,0.0014477171,0.00054720906,0.0011163605,0.0033310007,0.0022435077,0.01113484
img_behind/img.jpg,0.0013451516,5.845892e-05,0.007720582,0.9901935,0.00013163648,8.852561e-05,3.1701587e-05,0.00011330202,2.5098643e-05,0.00029203104
img_behind/img.jpg,0.028636843,0.073026575,0.0028404023,0.86990035,0.00412277,0.0020349352,0.00295897,0.009337418,0.0019162919,0.0052255876
img_behind/img.jpg,0.004299898,0.00017057167,0.03895283,0.9551357,0.0004893954,0.00011546555,8.23113e-05,8.433513e-05,2.3829412e-05,0.00064564415
img_behind/img.jpg,0.35181916,0.38575497,0.026351351,0.038191836,0.011267845,0.0043177935,0.03361671,0.13111988,0.0022303418,0.015330173
img_behind/img.jpg,0.0007517968,0.001974365,0.0024360097,0.9921623,0.0003370449,7.701931e-05,5.1881943e-05,0.00032156755,0.00046470718,0.001423316
img_behind/img.jpg,0.0053810365,0.016733536,0.0023074292,0.96233666,0.00090258947,0.0005327061,0.0006923466,0.002873568,0.0022041206,0.0060358155
img_behind/img.jpg,0.0002496988,1.2472159e-05,0.00031115374,0.9992788,2.378387e-05,1.8673692e-05,1.0838459e-05,2.7084585e-05,4.5526876e-06,6.2991814e-05
img_behind/img.jpg,0.013255796,0.00052725524,0.016680008,0.96467733,0.0008442627,0.00032111566,0.00029012235,0.0006535857,9.2380986e-05,0.0026582174
img_behind/img.jpg,0.00010149667,0.00048773462,0.00022498422,0.9988405,6.461452e-05,2.7494189e-05,2.138152e-05,8.693127e-05,6.3069536e-05,8.178135e-05
img_behind/img.jpg,0.0028576984,0.00013197164,0.043727227,0.95224285,0.00039192045,8.8082925e-05,6.160831e-05,5.4841046e-05,2.4297118e-05,0.00041946658
img_behind/img.jpg,0.0016511547,0.0039310292,0.0029942465,0.9864448,0.00058060285,0.00014285145,0.00010795731,0.00061252114,0.0010271453,0.0025077679
img_behind/img.jpg,0.0013809032,0.00017703217,0.011685356,0.98592377,0.00024138424,7.876775e-05,4.642425e-05,6.93633e-05,3.41999e-05,0.00036297235
img_behind/img.jpg,0.005130115,0.015193928,0.007909701,0.9631933,0.0010764541,0.00021200509,0.0013581906,0.0012051375,0.00012861911,0.0045924084
img_behind/img.jpg,0.05491251,0.044250444,0.0048208027,0.2254351,0.03193895,0.014092727,0.0121810315,0.6047945,0.0038709114,0.00370307
img_behind/img.jpg,0.00025881006,0.0018296913,0.0007288849,0.99598587,0.00019102758,7.20379e-05,6.092416e-05,0.00022845701,0.00032210935,0.00032225283
img_behind/img.jpg,0.0014233588,0.0048365225,0.0018927444,0.9869922,0.00050144916,0.000146903,0.000111377,0.00071527035,0.001046824,0.0023332187
img_behind/img.jpg,0.000978565,0.009772774,0.0003337259,0.974157,0.0005048628,0.00017766967,0.00064722623,0.0128860455,8.514268e-05,0.00045689676
img_behind/img.jpg,0.00019516544,1.7098671e-05,0.0001369893,0.99951774,1.3056752e-05,1.1214277e-05,8.346254e-06,3.548733e-05,4.770092e-06,5.9996084e-05
img_behind/img.jpg,0.0015219108,0.004115134,0.0018277811,0.98651576,0.0005978204,0.00020130236,0.00015612302,0.0010561057,0.00090031803,0.0031077876
img_behind/img.jpg,0.0006473126,9.5942574e-05,0.00011538335,0.9986788,1.6296546e-05,6.9128405e-06,6.3492895e-05,4.7849953e-05,5.318527e-06,0.00032271026
img_behind/img.jpg,0.00078940135,8.723168e-05,0.008402665,0.9902865,0.00012062484,3.7798865e-05,3.0253661e-05,3.6409587e-05,1.4594417e-05,0.00019465161
img_behind/img.jpg,0.0013341323,0.00011776191,0.006693313,0.9911556,0.00019226846,7.463939e-05,4.2124793e-05,7.010552e-05,2.6160194e-05,0.00029389298
img_behind/img.jpg,0.0033218442,0.038830265,0.00072868133,0.8622443,0.0013854777,0.001030932,0.0013554177,0.08953865,0.0006337617,0.00093074027
img_behind/img.jpg,0.0012116459,0.0034278275,0.0028781737,0.9884235,0.00048362158,0.000117795455,8.386641e-05,0.00045568403,0.0009910356,0.0019267295
img_behind/img.jpg,0.0052408823,0.019154174,0.0006000023,0.7167168,0.003579528,0.0023827225,0.0008525362,0.25069156,0.00042043513,0.0003613764
img_behind/img.jpg,0.0014668368,0.004744384,0.0008533012,0.9887684,0.000289833,0.00010575935,0.00014735162,0.00066593086,0.00069731416,0.002260922
img_behind/img.jpg,0.06049046,0.09990044,0.008963172,0.12529415,0.011446861,0.006177987,0.019928299,0.6620318,0.0020064267,0.0037604412
img_behind/img.jpg,0.0050693466,0.019741148,0.0013663897,0.95826626,0.0009898877,0.00046611193,0.0006749367,0.0036951362,0.0022278773,0.0075028655
img_behind/img.jpg,0.0037805107,0.00014374818,0.0007582543,0.99325925,0.0005557971,0.00018449695,0.00054708374,6.790605e-05,1.6899814e-05,0.0006859135
img_behind/img.jpg,0.05103612,0.115115635,0.007353832,0.7825516,0.0046052425,0.0010816893,0.010849576,0.013051945,0.00050938723,0.013845061
img_behind/img.jpg,0.00045822453,7.2885196e-05,0.0011042779,0.99794465,8.62176e-05,6.4034524e-05,3.5866644e-05,5.8155212e-05,2.7495897e-05,0.00014819145
img_behind/img.jpg,0.00017768316,5.191019e-05,0.00010573572,0.9994098,3.0640625e-05,2.0921632e-05,2.2284623e-05,7.726169e-05,9.201889e-06,9.458765e-05
img_behind/img.jpg,0.0010564834,0.00019019657,0.0021540187,0.99537677,0.00028714087,0.0001566249,0.00012641135,0.00016260556,4.955228e-05,0.00044016173
img_behind/img.jpg,0.0030254275,5.6505847e-05,0.002013808,0.99322015,0.00076063874,0.00016102976,0.00024066583,3.858711e-05,1.0718821e-05,0.00047232828
img_behind/img.jpg,0.001707215,0.0015565598,0.007874645,0.98382396,0.000895617,0.00015126681,6.702681e-05,0.0003973613,0.0007555072,0.0027708034
img_behind/img.jpg,0.0017712641,0.007210947,0.0036444042,0.98074394,0.00072656525,0.00021566068,0.00017941157,0.0009113722,0.001582048,0.0030143207
img_behind/img.jpg,0.0001845468,0.0011650987,0.00021495651,0.9974647,0.00016260236,6.995601e-05,7.741638e-05,0.00032132387,0.000133249,0.00020612379
img_behind/img.jpg,0.0018257664,0.00025903148,0.007985396,0.9887222,0.00019480988,9.193825e-05,8.7631015e-05,0.00018677545,4.701666e-05,0.0005994864
img_behind/img.jpg,0.00020428434,0.0010815642,0.0005085132,0.99736154,0.000165291,5.2044565e-05,6.4425636e-05,0.00020028728,0.000116519775,0.00024541092
img_behind/img.jpg,0.0005502082,1.551844e-05,0.0011495443,0.99801254,8.401062e-05,5.0986568e-05,3.296524e-05,1.3171748e-05,4.633703e-06,8.637852e-05
img_behind/img.jpg,0.0011723641,0.010210521,0.00035293313,0.9536095,0.0005915359,0.00042165903,0.0008188356,0.032344278,0.00011411817,0.0003642698
img_behind/img.jpg,0.0014164008,0.0061415317,0.0012040806,0.98695356,0.00039867533,0.00011413822,0.000118731725,0.00068209897,0.0008203345,0.0021504737
img_behind/img.jpg,0.00088943314,0.0041618375,0.00070498214,0.99156946,0.00019532934,6.263795e-05,7.18336e-05,0.00038829027,0.00065514457,0.001301035
img_behind/img.jpg,0.008892239,0.0030107417,0.029885158,0.94788116,0.0011563826,0.00025486937,0.000270105,0.0008989618,0.0005533319,0.0071970425
img_behind/img.jpg,0.00039390096,6.810134e-05,0.00046640812,0.9985745,9.308581e-05,6.1798164e-05,6.829522e-05,9.298536e-05,1.2931457e-05,0.00016802378
img_behind/img.jpg,0.0017629891,0.002333683,0.0013332523,0.988622,0.00076115056,0.0003099739,0.0003497293,0.0028861323,0.000118302014,0.0015227948
img_behind/img.jpg,0.00037626296,0.0004428802,0.0004316979,0.9975873,0.00023357061,0.000107642416,9.597125e-05,0.0003915494,3.6716545e-05,0.0002964841
img_behind/img.jpg,0.004797522,0.0006494022,0.00053794193,0.99092346,0.00029698727,0.00017230977,0.0005058543,0.00019995299,9.636976e-05,0.0018202108
img_behind/img.jpg,0.00025374445,0.00028790685,0.000108628024,0.99876046,8.185094e-05,2.7250713e-05,3.7908885e-05,0.00027578132,1.2418748e-05,0.00015410029
img_behind/img.jpg,0.0007028571,0.0039201584,0.0002382457,0.99223953,0.00029063225,0.00016167022,0.00014972397,0.0013450399,0.00032215036,0.0006299973
img_behind/img.jpg,0.00020616499,0.00011402212,0.00011402974,0.9991608,5.7351426e-05,2.9033261e-05,3.4400404e-05,0.00014761146,1.1221589e-05,0.00012524576
img_behind/img.jpg,0.00036539364,1.5939211e-05,0.00083079934,0.9985826,6.4560394e-05,3.3569373e-05,2.6962794e-05,7.848432e-06,3.8472704e-06,6.852653e-05
img_behind/img.jpg,0.0011641167,0.0009231418,0.00080148975,0.994665,0.00027727353,7.283657e-05,0.0007483263,0.00017046703,2.2848708e-05,0.0011543438
img_behind/img.jpg,0.15801595,0.215328,0.0044922326,0.40184098,0.011897091,0.005504321,0.026484463,0.16551007,0.002267182,0.008659645
img_behind/img.jpg,0.001473234,0.000116507785,0.004877655,0.9926058,0.00022874902,0.00011390802,6.21651e-05,0.000110459674,2.817005e-05,0.000383232
img_behind/img.jpg,0.0016928075,0.00023293414,0.010479788,0.98660636,0.00016674222,8.6117696e-05,6.985205e-05,0.0001478431,5.1968585e-05,0.0004655656
img_behind/img.jpg,0.00041848194,7.293754e-05,0.00069531216,0.9983491,8.494398e-05,5.8189326e-05,4.007877e-05,8.0981954e-05,2.2308002e-05,0.00017761989
img_behind/img.jpg,0.033462606,0.0010970773,0.29522496,0.6573008,0.0031142756,0.0008179261,0.00066455296,0.0019763857,0.00016009412,0.006181394
img_behind/img.jpg,0.000901777,0.0032634824,0.00300428,0.99005425,0.0005778496,0.00014130435,0.00043096647,0.0004990231,9.175666e-05,0.0010353636
img_behind/img.jpg,0.0007127493,0.0003420433,0.00019594403,0.9971868,0.00013435875,6.568719e-05,7.7237455e-05,0.000914854,1.8873434e-05,0.0003514879
img_behind/img.jpg,0.00658781,0.0016587509,0.0008731563,0.98548466,0.00061691995,0.00035583912,0.0009749871,0.00033664686,0.00020714,0.0029039225
img_behind/img.jpg,0.0003868365,5.9394682e-05,0.00056625664,0.99850404,9.812664e-05,6.0013597e-05,4.2431155e-05,8.5888394e-05,1.8130704e-05,0.0001787826
img_behind/img.jpg,0.0002383448,0.00014623249,0.00018432812,0.9991152,3.0511477e-05,1.1014321e-05,5.5855966e-05,4.137741e-05,8.634058e-06,0.00016848938
img_behind/img.jpg,0.001875417,0.0020159872,0.0022099752,0.99031943,0.00026131034,5.0672246e-05,0.00010907703,0.0002747937,0.00026241664,0.0026208265
img_behind/img.jpg,0.57285357,0.041650515,0.002379056,0.040458035,0.0037052683,0.004300339,0.28715912,0.0029874917,0.0032942237,0.041212417
img_behind/img.jpg,0.0017083606,0.0015248612,0.0027245646,0.99071723,0.00023654637,3.8592087e-05,8.5297055e-05,0.00021266945,0.00019917815,0.0025525664
img_behind/img.jpg,0.02729784,0.007814529,0.85489595,0.072073966,0.0076099853,0.0029735991,0.0010226023,0.009338446,0.002538213,0.014434833
img_behind/img.jpg,0.00045930818,6.5109496e-05,0.00054722175,0.9984205,0.00010783418,6.172174e-05,4.696348e-05,7.771762e-05,1.945039e-05,0.00019402527
img_behind/img.jpg,0.00036079373,0.0018277396,0.00047657097,0.99505687,0.00040189744,0.00017968284,0.00016909222,0.0007525778,0.00032930815,0.0004455603
img_behind/img.jpg,0.0011212728,0.00029154008,0.0006474311,0.99678576,0.0002371751,0.000118827265,0.0001466357,7.586661e-05,4.464181e-05,0.0005308763
img_behind/img.jpg,0.0006534846,0.00016975838,0.00049998704,0.9976413,0.00021447727,0.00010385855,0.00010512089,0.00016788949,3.990087e-05,0.00040423145
img_behind/img.jpg,0.00043826783,4.701645e-05,0.00097386865,0.9981254,7.724081e-05,4.791241e-05,2.7949302e-05,7.742481e-05,1.674413e-05,0.00016820371
img_behind/img.jpg,0.00022999548,9.1911505e-05,0.00016621118,0.9991249,4.59237e-05,3.0188125e-05,3.2533088e-05,0.00012621547,1.36924555e-05,0.00013845583
img_driving/img.jpg,0.09735777,0.11968059,0.008951882,0.42178285,0.052646797,0.010107141,0.04771099,0.030045312,0.010142731,0.20157392
img_driving/img.jpg,0.025661787,0.024836821,0.02978827,0.036064476,0.29440778,0.13750583,0.0038755753,0.16399841,0.27622488,0.007636198
img_driving/img.jpg,0.005499407,0.007368019,0.007941691,0.0024378651,0.6282377,0.03405065,0.0022929083,0.19778085,0.10522065,0.009170207
img_driving/img.jpg,0.16222955,0.13082908,0.025093561,0.28054324,0.06156191,0.04991636,0.051479038,0.060033675,0.014348479,0.16396515
img_driving/img.jpg,0.14765824,0.009565561,0.06482795,0.01161045,0.09427812,0.027208004,0.0233509,0.6001563,0.003155967,0.018188478
img_driving/img.jpg,0.13571961,0.06888232,0.0028600502,0.14599966,0.03218285,0.012768901,0.027688676,0.56204873,0.004929801,0.0069193193
img_driving/img.jpg,0.0848566,0.109252185,0.030739535,0.14205685,0.2238184,0.048442256,0.055447098,0.055152725,0.033231568,0.2170029
img_driving/img.jpg,0.00488313,0.0032057092,0.0037282647,0.0014662221,0.07216396,0.21643703,0.0017063153,0.04921213,0.64562434,0.0015729179
img_driving/img.jpg,0.0063476274,0.007688757,0.007865069,0.0031864543,0.6567652,0.030242201,0.0025997525,0.19518,0.077190526,0.012934528
img_driving/img.jpg,0.0038899137,0.0012386997,0.0020763848,0.002246803,0.027907029,0.53633857,0.00078572636,0.040956274,0.3839489,0.0006116597
img_driving/img.jpg,0.011183557,0.013618785,0.047623005,0.009039082,0.29822928,0.23294005,0.01050708,0.10858371,0.25351197,0.014763458
img_driving/img.jpg,0.056060717,0.014203155,0.02244174,0.043724034,0.12894158,0.25667393,0.08053433,0.1518062,0.10183543,0.14377885
img_driving/img.jpg,0.00781777,0.01263072,0.9444751,0.0017533315,0.016726753,0.0013066531,0.0012306927,0.004653788,0.0037824658,0.005622603
img_driving/img.jpg,0.017509121,0.003242886,0.0027983352,0.008495819,0.025377361,0.0024066102,0.016107578,0.0044961614,0.0020819542,0.91748416
img_driving/img.jpg,0.15825929,0.06627177,0.022866543,0.2367127,0.14349757,0.04203633,0.06213347,0.030422445,0.013284718,0.22451524
img_driving/img.jpg,0.12355238,0.13112034,0.010699085,0.4573734,0.030461943,0.015610166,0.044170063,0.030043317,0.008746249,0.148223
img_driving/img.jpg,0.0014175508,0.0014856493,0.0010358267,0.0009651243,0.017522145,0.2533891,0.0010340704,0.025498182,0.6971756,0.00047683937
img_driving/img.jpg,0.015691625,0.03133487,0.05490954,0.0057504857,0.3215041,0.11189861,0.00845494,0.38875073,0.05076128,0.010943752
img_driving/img.jpg,0.18668488,0.122517064,0.012677404,0.31233007,0.061826464,0.015588172,0.05889879,0.03129952,0.0086212875,0.18955635
img_driving/img.jpg,0.012924692,0.04264163,0.023892982,0.020663124,0.5611171,0.06115295,0.027130453,0.05581341,0.08611684,0.10854685
img_driving/img.jpg,0.1665313,0.11156752,0.025674589,0.34886792,0.043571368,0.041374236,0.026732208,0.09345902,0.012810642,0.12941124
img_driving/img.jpg,0.02508641,0.0038022764,0.004104941,0.012849069,0.05011957,0.0044603655,0.016257212,0.0076886257,0.0040724254,0.87155914
img_driving/img.jpg,0.002841166,0.008668088,0.030138891,0.0012339208,0.28681895,0.054825958,0.0034165469,0.051053032,0.5558703,0.0051332316
img_driving/img.jpg,0.006583318,0.00880412,0.009795046,0.002841331,0.5692779,0.050694175,0.0028364337,0.18043067,0.16020846,0.008528534
img_driving/img.jpg,0.1949199,0.11593096,0.014566172,0.2591861,0.08487908,0.016777128,0.060314935,0.030962214,0.009171666,0.21329181
img_driving/img.jpg,0.029691048,0.005258455,0.0035674197,0.0058698314,0.42501563,0.007835923,0.0062202364,0.4908499,0.004082999,0.021608645
img_driving/img.jpg,0.059209228,0.0022508455,0.012373997,0.047706444,0.08240144,0.2435048,0.13974704,0.1957898,0.05529441,0.16172203
img_driving/img.jpg,0.24476895,0.07688919,0.008771827,0.037140854,0.27971908,0.009073159,0.045587063,0.2116061,0.013747852,0.07269586
img_driving/img.jpg,0.055465396,0.010050408,0.004099639,0.010480086,0.51673335,0.0061432314,0.013121158,0.31636453,0.006540764,0.061001465
img_driving/img.jpg,0.1080261,0.23889443,0.013728437,0.059385486,0.09021822,0.031582203,0.2407553,0.04589445,0.022425415,0.14908998
img_driving/img.jpg,0.13268127,0.041351102,0.014328658,0.42567176,0.073630385,0.029798124,0.07474127,0.023629572,0.008503679,0.1756642
img_driving/img.jpg,0.00087242975,0.0009939758,0.00086047605,0.00045947233,0.010730481,0.16932471,0.00049532374,0.009912438,0.8061661,0.00018462354
img_driving/img.jpg,0.015481459,0.003685795,0.0029577457,0.011715528,0.033191252,0.0040024305,0.019227182,0.006974531,0.0031943363,0.89956975
img_driving/img.jpg,0.013744954,0.009216809,0.104796566,0.005454007,0.21702515,0.26792097,0.005310798,0.038319025,0.3268205,0.011391239
img_driving/img.jpg,0.0047715274,0.008513683,0.052793726,0.0018671277,0.16108015,0.13736066,0.003515178,0.06737263,0.55752105,0.0052043153
img_driving/img.jpg,0.008077765,0.0125898,0.06185665,0.012023298,0.19094408,0.29571354,0.0012260699,0.032815203,0.38317758,0.0015760106
img_driving/img.jpg,0.008326499,0.009952363,0.012213515,0.003449966,0.54094106,0.06524642,0.0033578922,0.16204149,0.18479076,0.0096799005
img_driving/img.jpg,0.031079637,0.008773725,0.0067642042,0.0052950373,0.47699288,0.008146529,0.0068586655,0.43421966,0.0041752374,0.017694337
img_driving/img.jpg,0.00724186,0.008767508,0.009207637,0.0035846115,0.59348005,0.04907037,0.0033405481,0.18618694,0.12765095,0.011469553
img_driving/img.jpg,0.0070374836,0.011450721,0.12146986,0.0028697655,0.069235854,0.2189692,0.0032403478,0.01787354,0.5424518,0.0054014223
img_driving/img.jpg,0.005639803,0.0049255923,0.028479371,0.004727286,0.81111383,0.021336004,0.0022016913,0.050861135,0.049050197,0.021665096
img_driving/img.jpg,0.19272697,0.1362814,0.0104157105,0.20601958,0.077142514,0.026893623,0.05868259,0.076958746,0.013270659,0.20160809
img_driving/img.jpg,0.0023643125,0.0037391025,0.006927639,0.0013779529,0.80648434,0.0075039803,0.0009931109,0.13463517,0.02643682,0.009537713
img_driving/img.jpg,0.010173642,0.035983995,0.22576737,0.004682791,0.3194967,0.055210687,0.0055758096,0.045987602,0.29081655,0.0063047875
img_driving/img.jpg,0.006106634,0.0073707714,0.0076846485,0.0030387184,0.6614544,0.029114813,0.0024730018,0.19493161,0.07523786,0.012587516
img_driving/img.jpg,0.18918563,0.10437606,0.01708804,0.2544101,0.098799765,0.022726307,0.06901308,0.030674277,0.009872276,0.20385438
img_driving/img.jpg,0.044718854,0.010754946,0.0061088037,0.007110212,0.43767875,0.009841975,0.008202971,0.44944376,0.0050843577,0.021055307
img_driving/img.jpg,0.013663401,0.013152214,0.06323148,0.009181318,0.15894817,0.37690333,0.0117889885,0.20810747,0.1376182,0.007405345
img_driving/img.jpg,0.009074301,0.009917074,0.010612622,0.004353799,0.39882624,0.10827418,0.004294739,0.167196,0.2781757,0.009275384
img_driving/img.jpg,0.008824858,0.011204066,0.012025858,0.004626341,0.5066912,0.077155426,0.0045349644,0.16772813,0.19691382,0.010295359
img_driving/img.jpg,0.010755107,0.0073900763,0.0032916353,0.008332775,0.038248166,0.013945952,0.0056087226,0.90507466,0.0023693356,0.0049835364
img_driving/img.jpg,0.0056072185,0.0060541644,0.0031875134,0.012237501,0.3211313,0.14137241,0.0005123162,0.033799235,0.4740024,0.002096008
img_driving/img.jpg,0.009301283,0.020614075,0.041216068,0.0076530776,0.19826034,0.23439808,0.013765759,0.26097566,0.20453173,0.009283976
img_driving/img.jpg,0.55124265,0.019342687,0.011934898,0.0043680593,0.11224716,0.011545195,0.09312537,0.10320921,0.0041823057,0.08880237
img_driving/img.jpg,0.044442058,0.03776945,0.043369707,0.0048250714,0.46133235,0.08407343,0.015173874,0.24695267,0.035123084,0.026938349
img_driving/img.jpg,0.0062408885,0.007667213,0.007934635,0.0031383808,0.6605679,0.029300943,0.0025595536,0.19456096,0.07507459,0.012954838
img_driving/img.jpg,0.1163011,0.11718504,0.00837434,0.37619314,0.044227522,0.013639558,0.054786205,0.030464118,0.009730985,0.22909789
img_driving/img.jpg,0.034105495,0.031259313,0.018755589,0.02087709,0.27881086,0.1700494,0.07247559,0.24208778,0.09719309,0.034385838
img_driving/img.jpg,0.03390009,0.028457629,0.020592077,0.043728612,0.61675906,0.040149957,0.041514575,0.05629366,0.06750644,0.051097814
img_driving/img.jpg,0.023955572,0.02337128,0.053171594,0.028434657,0.19751042,0.21669666,0.0041873953,0.076420136,0.36979884,0.0064533157
img_driving/img.jpg,0.0076842266,0.0031680712,0.0021213158,0.0036645974,0.09658693,0.3600152,0.001769536,0.1209372,0.40156922,0.0024836115
img_driving/img.jpg,0.0046388553,0.0029435225,0.00071048876,0.008935329,0.0988665,0.22372177,0.0005059628,0.011443913,0.64679176,0.0014418468
img_driving/img.jpg,0.26137814,0.08173937,0.15319246,0.024075719,0.02616225,0.003908891,0.3959769,0.014748088,0.00062584144,0.03819229
img_driving/img.jpg,0.012873108,0.027375696,0.013036497,0.029646616,0.61001736,0.02527143,0.02026405,0.06169426,0.026136458,0.17368461
img_driving/img.jpg,0.069805846,0.00986152,0.016683588,0.0038302336,0.74103594,0.02064159,0.0087665515,0.0714692,0.012771025,0.045134507
img_driving/img.jpg,0.3550008,0.002635617,0.015703999,0.006593496,0.35421544,0.011431649,0.012276325,0.14491472,0.0035459779,0.093681954
img_driving/img.jpg,0.00228296,0.006776255,0.028486742,0.0007135394,0.5360572,0.024203017,0.0013372684,0.057305325,0.33767256,0.0051651006
img_driving/img.jpg,0.009856572,0.009363435,0.023618756,0.0014428974,0.6965359,0.022663042,0.0026380976,0.18114296,0.039670426,0.013068003
img_driving/img.jpg,0.033413738,0.016245509,0.012042037,0.057745226,0.24506043,0.12766455,0.056368966,0.083755165,0.076935545,0.2907689
img_driving/img.jpg,0.010854241,0.017844537,0.0300037,0.0037605492,0.39202738,0.07315429,0.00611333,0.4075736,0.04900681,0.009661552
img_driving/img.jpg,0.0054984502,0.0070776097,0.031047422,0.0046046455,0.8017689,0.020338045,0.0024049934,0.054181587,0.05029896,0.022779454
img_driving/img.jpg,0.002198363,0.006415059,0.025611022,0.00077152136,0.5654838,0.022193734,0.0013117207,0.055356156,0.3152762,0.005382462
img_driving/img.jpg,0.03702312,0.009470378,0.006247437,0.0055144457,0.51575017,0.007987622,0.007248336,0.38678876,0.0045361025,0.019433662
img_driving/img.jpg,0.05031229,0.012771736,0.0071553653,0.00788241,0.40004554,0.009959642,0.009621813,0.47768354,0.004386059,0.020181503
img_driving/img.jpg,0.007022344,0.03536236,0.016064702,0.012740983,0.62305933,0.04207938,0.016635256,0.087163694,0.08670884,0.07316289
img_driving/img.jpg,0.0011497472,0.0015467571,0.0011072988,0.0010461841,0.015493648,0.27463022,0.0013434716,0.02869957,0.67446405,0.000519099
img_driving/img.jpg,0.22787865,0.031447694,0.16046168,0.022632618,0.32951784,0.021914246,0.13575959,0.023924422,0.0028822909,0.043581016
img_driving/img.jpg,0.08363863,0.011369988,0.0142179215,0.0041849017,0.6947353,0.0149327805,0.015222189,0.060154006,0.013736884,0.087807484
img_driving/img.jpg,0.02228243,0.015480098,0.012258596,0.0038868056,0.76517177,0.015789587,0.010272016,0.08988315,0.031942148,0.03303346
img_driving/img.jpg,0.011727034,0.019868433,0.047227193,0.0055875843,0.27808017,0.16333114,0.0071019265,0.36122203,0.09605475,0.0097996555
img_driving/img.jpg,0.032188863,0.018798016,0.004743504,0.021500146,0.06423327,0.016057894,0.012131481,0.8147838,0.0042513236,0.011311673
img_driving/img.jpg,0.0068158964,0.007981774,0.007672265,0.0034489504,0.6361736,0.034836754,0.0028286572,0.20016229,0.08728527,0.012794474
img_driving/img.jpg,0.021050986,0.0376227,0.020182736,0.034143347,0.55744344,0.046843406,0.035995424,0.04426356,0.040114824,0.16233958
img_driving/img.jpg,0.11418826,0.011141951,0.024133641,0.007761685,0.00050381885,0.006185538,0.8022427,0.0052064634,0.00027836845,0.028357571
img_driving/img.jpg,0.05262362,0.024963032,0.006099029,0.020105042,0.09591144,0.010928206,0.014999096,0.75301397,0.003343197,0.01801333
img_driving/img.jpg,0.02485306,0.038846076,0.017690735,0.030416153,0.6253415,0.017869785,0.020637056,0.050951973,0.026452854,0.1469407
img_driving/img.jpg,0.0074029206,0.009428009,0.010406844,0.0029568537,0.5687073,0.051628847,0.0028427853,0.18348268,0.15355615,0.009587587
img_driving/img.jpg,0.008059521,0.06040077,0.022089275,0.007460591,0.2208109,0.11515274,0.028105272,0.04187126,0.45793018,0.038119618
img_driving/img.jpg,0.004561608,0.0092700375,0.041893065,0.0022541578,0.16161428,0.1445972,0.0053686537,0.061808985,0.5628101,0.0058219465
img_driving/img.jpg,0.13300556,0.057280857,0.016666293,0.0067767324,0.08832439,0.058816705,0.059742995,0.5599489,0.0049903914,0.014447291
img_driving/img.jpg,0.025663627,0.052947078,0.02624996,0.037269197,0.54085004,0.03883979,0.031076262,0.042641364,0.042563446,0.16189931
img_driving/img.jpg,0.2145826,0.043798428,0.19957206,0.00951513,0.023000728,0.022400854,0.42150456,0.03693857,0.0056734215,0.02301363
img_driving/img.jpg,0.004311661,0.0027297614,0.0031055044,0.0011112159,0.05173643,0.20436548,0.0012932522,0.03360743,0.6966231,0.0011161041
img_driving/img.jpg,0.06941079,0.012087107,0.004090127,0.011693576,0.50391895,0.0063593974,0.013060712,0.3191462,0.0062109153,0.05402219
img_driving/img.jpg,0.022150544,0.0037950338,0.003451954,0.006235856,0.4327697,0.017311877,0.0052981777,0.47619414,0.010610685,0.022182105
img_driving/img.jpg,0.0050259903,0.00633793,0.009113251,0.0021163467,0.6396811,0.035202917,0.0020484733,0.176579,0.11582493,0.008070176
img_driving/img.jpg,0.076341495,0.09542066,0.027578501,0.13252015,0.28705382,0.0400439,0.0483053,0.046455313,0.036650993,0.20962995
img_driving/img.jpg,0.16298044,0.061998688,0.02206787,0.26589552,0.13125515,0.041141473,0.06290658,0.028578624,0.012106699,0.21106899
img_driving/img.jpg,0.02710406,0.0077014705,0.004236346,0.041899513,0.124156475,0.15993226,0.081829175,0.06805311,0.06066051,0.42442703
img_driving/img.jpg,0.031279102,0.03800362,0.02164207,0.04119539,0.50536406,0.060128357,0.04116604,0.041215874,0.04410173,0.1759038
img_driving/img.jpg,0.090484716,0.10449155,0.025619535,0.1649406,0.21456753,0.04809084,0.054858636,0.05550695,0.033614267,0.20782551
img_driving/img.jpg,0.008048294,0.0050709224,0.03710491,0.0041155736,0.6637219,0.06808873,0.0027085897,0.07926151,0.120193705,0.011685873
img_driving/img.jpg,0.058056094,0.06050285,0.025415324,0.081613205,0.4209683,0.0349789,0.036370616,0.038090482,0.038378153,0.20562612
img_driving/img.jpg,0.3867002,0.26175627,0.10982217,0.014981217,0.044578355,0.009913665,0.06762636,0.025949,0.015430239,0.0632424
img_driving/img.jpg,0.040400773,0.090249985,0.721559,0.0072293407,0.06340754,0.0051127803,0.008239601,0.026627617,0.009558779,0.027614525
img_driving/img.jpg,0.0031153562,0.0042712386,0.0028637426,0.007589483,0.04634752,0.26237017,0.008439393,0.58552593,0.07472285,0.0047542825
img_driving/img.jpg,0.0027222747,0.007875278,0.026228104,0.0012494698,0.4513064,0.04479237,0.0029869669,0.088275336,0.3682199,0.0063437643
img_driving/img.jpg,0.011809171,0.016393237,0.013996156,0.009462841,0.08543525,0.41411752,0.009401781,0.21178393,0.21738058,0.0102195805
img_driving/img.jpg,0.05905881,0.09398916,0.020625273,0.09881558,0.3090795,0.016869335,0.053818624,0.08484542,0.016092373,0.24680583
img_driving/img.jpg,0.015351791,0.04065731,0.12507212,0.013389211,0.3530694,0.07627049,0.004221647,0.09651915,0.26775765,0.0076913037
img_driving/img.jpg,0.059650525,0.01562619,0.0062434953,0.008227981,0.5145508,0.0062873377,0.014352474,0.32988983,0.0046239006,0.040547602
img_driving/img.jpg,0.0072510433,0.008751868,0.00924392,0.0035906995,0.5921813,0.049706113,0.0033570365,0.1852203,0.12925157,0.011446161
img_driving/img.jpg,0.00783983,0.009527005,0.0117073525,0.003352986,0.55745244,0.059978127,0.0032252243,0.1655588,0.17178072,0.009577518
img_driving/img.jpg,0.1238454,0.057253376,0.00798747,0.029513275,0.081593044,0.016830813,0.05019202,0.6026899,0.005792934,0.024301738
img_driving/img.jpg,0.12374194,0.09333125,0.023162292,0.16252209,0.1999976,0.041003145,0.052048296,0.046736207,0.02544547,0.23201177
img_driving/img.jpg,0.1852548,0.098954365,0.014620081,0.19276366,0.12894163,0.019438967,0.06584079,0.032360725,0.010331769,0.2514931
img_driving/img.jpg,0.008989473,0.019090213,0.037683927,0.003070728,0.3721642,0.10161198,0.0050750193,0.27873224,0.16155301,0.012029198
img_driving/img.jpg,0.009037651,0.005688365,0.0037136318,0.0041181687,0.20609297,0.23379497,0.0025723232,0.14795323,0.38195378,0.0050749136
img_driving/img.jpg,0.289126,0.0058336733,0.018137628,0.006460981,0.21246679,0.02939206,0.024901886,0.3587911,0.007199893,0.047689937
img_driving/img.jpg,0.044677477,0.020250166,0.036461253,0.004133242,0.5737049,0.05499531,0.012446448,0.21036132,0.01818938,0.024780564
img_driving/img.jpg,0.13095245,0.114847444,0.02401026,0.07599758,0.060828786,0.02161115,0.045360345,0.495605,0.016433107,0.0143539375
img_driving/img.jpg,0.510076,0.083073,0.06833308,0.12955852,0.023395557,0.0056702,0.11900523,0.02843171,0.00077087176,0.031685777
img_driving/img.jpg,0.010085754,0.0038270054,0.0009854228,0.012270892,0.024646567,0.008582465,0.0052683945,0.9279314,0.0017876036,0.004614524
img_driving/img.jpg,0.0011461781,0.0016373578,0.0012208527,0.0006441809,0.013933583,0.16626358,0.000936604,0.013440553,0.8003769,0.00040022505
img_driving/img.jpg,0.296311,0.010076506,0.0026320496,0.009179553,0.0049526654,0.0053006927,0.36412287,0.000892338,0.006515432,0.3000168
img_driving/img.jpg,0.0011600245,0.0010625845,0.0009899924,0.0005792898,0.012132996,0.2471528,0.0006108914,0.014466588,0.7216161,0.00022861264
img_driving/img.jpg,0.18374604,0.1000419,0.014855173,0.26495284,0.094233654,0.020361615,0.07425858,0.029481627,0.008868712,0.20919985
img_driving/img.jpg,0.006634054,0.0016906958,0.0010794139,0.0037596107,0.07018162,0.4675294,0.0010612805,0.092806704,0.35375115,0.0015060732
img_driving/img.jpg,0.00832259,0.009906114,0.012077851,0.0034766584,0.54183847,0.065257594,0.0033800725,0.16215247,0.1838173,0.009770878
img_driving/img.jpg,0.15053411,0.013867061,0.01658927,0.011132486,0.01727427,0.015956523,0.027177382,0.74052024,0.0008586405,0.006090029
img_driving/img.jpg,0.26328126,0.0035241372,0.017670024,0.008516559,0.33453193,0.022239702,0.017803466,0.23070307,0.008558795,0.09317097
img_driving/img.jpg,0.0103807915,0.015155509,0.024218522,0.012954812,0.33994037,0.12361062,0.0016127574,0.044879287,0.42344913,0.0037983009
img_driving/img.jpg,0.27659482,0.30808637,0.016019851,0.16142884,0.08633506,0.002947724,0.046319507,0.021643521,0.0010845276,0.07953973
img_driving/img.jpg,0.009262898,0.019539207,0.04999989,0.006975277,0.13690138,0.31518656,0.013578826,0.30101618,0.14118657,0.006353035
img_driving/img.jpg,0.17070957,0.0054887044,0.016247855,0.005341497,0.21059613,0.013805002,0.034097243,0.027141819,0.010703342,0.5058689
img_driving/img.jpg,0.25924274,0.02879479,0.30359054,0.019930242,0.18358025,0.013372087,0.14456658,0.01999439,0.0014161179,0.025512265
img_driving/img.jpg,0.010668729,0.010965056,0.057113905,0.0059191356,0.21292277,0.27621654,0.009140979,0.18174076,0.22660841,0.0087036425
img_driving/img.jpg,0.0023803927,0.0063588745,0.0098563675,0.005998623,0.19847469,0.12207208,0.00026214714,0.008180513,0.6456666,0.00074970274
img_driving/img.jpg,0.30708435,0.0043557147,0.024453586,0.030919297,0.23311017,0.020848306,0.017968489,0.30645803,0.0060981214,0.048703976
img_driving/img.jpg,0.03220563,0.083670944,0.72321004,0.006384589,0.07718677,0.006377813,0.00930176,0.019462595,0.01988762,0.022312293
img_driving/img.jpg,0.5410768,0.011570921,0.008770356,0.011687965,0.057851505,0.017626056,0.07179974,0.25799054,0.0016189633,0.020007316
img_driving/img.jpg,0.18545121,0.002119671,0.016604222,0.009398905,0.49518475,0.0162944,0.0077568404,0.10278937,0.007924758,0.15647586
img_driving/img.jpg,0.000942373,0.0009510712,0.00089118513,0.000473697,0.011230071,0.18309481,0.00048625233,0.010631729,0.7911137,0.00018513932
img_driving/img.jpg,0.14971167,0.12514175,0.5227563,0.010968288,0.05622438,0.008121671,0.036877077,0.043039735,0.011327407,0.03583159
img_driving/img.jpg,0.16325293,0.059546757,0.01892115,0.30709225,0.10427659,0.038168225,0.067674294,0.027434245,0.0103916,0.20324183
img_driving/img.jpg,0.0021601913,0.0035166543,0.0060844156,0.0014346936,0.83168864,0.0050459136,0.0009971738,0.12091547,0.014770853,0.013386079
img_driving/img.jpg,0.029375141,0.05190954,0.115893334,0.014652262,0.30473587,0.075559065,0.0080285175,0.079302646,0.30837914,0.012164527
img_driving/img.jpg,0.09004911,0.09162091,0.028039798,0.0641284,0.3090341,0.084324576,0.039236657,0.08442548,0.04524205,0.16389894
img_driving/img.jpg,0.09009336,0.08543673,0.025869908,0.1337909,0.28517306,0.038391497,0.048474014,0.04160024,0.031674217,0.21949601
img_driving/img.jpg,0.2765981,0.13182595,0.026461903,0.046959873,0.010623005,0.012167623,0.4119112,0.032341324,0.000868446,0.0502426
img_driving/img.jpg,0.075408824,0.10288725,0.0033635753,0.68404853,0.00806854,0.005097984,0.019810403,0.019042522,0.004919026,0.07735327
img_driving/img.jpg,0.030588046,0.01326482,0.006597965,0.03887092,0.16047601,0.17304718,0.07167189,0.07264986,0.08810545,0.34472787
img_driving/img.jpg,0.09416628,0.002124921,0.011803394,0.004102714,0.44082242,0.00835015,0.0044129477,0.0337845,0.009822008,0.39061055
img_driving/img.jpg,0.017295187,0.021199206,0.118622735,0.008946907,0.07823118,0.48951936,0.010576643,0.070919715,0.1732465,0.0114425365
img_driving/img.jpg,0.012011996,0.0034764444,0.0040829997,0.0032083855,0.71180195,0.0063564605,0.003370806,0.2313115,0.0053903796,0.01898901
img_driving/img.jpg,0.15311489,0.18193032,0.013120677,0.050772764,0.060096506,0.028735802,0.28018034,0.051353052,0.01793875,0.16275695
img_driving/img.jpg,0.011170578,0.01595958,0.15160446,0.004988916,0.11099784,0.24996608,0.004542118,0.02263243,0.42047384,0.0076641403
img_driving/img.jpg,0.13989677,0.011781374,0.06471447,0.009819713,0.08823654,0.028559899,0.024549624,0.6117377,0.003241366,0.017462563
img_driving/img.jpg,0.010586737,0.02819419,0.11810266,0.00931576,0.34590486,0.09599598,0.002944178,0.057322662,0.3267926,0.004840395
img_driving/img.jpg,0.16461931,0.064849205,0.022823444,0.25566292,0.1311857,0.044135176,0.06297241,0.030374203,0.0129019,0.21047568
img_driving/img.jpg,0.001237172,0.0014580355,0.0010078994,0.00083467877,0.015299622,0.22254498,0.0009433836,0.019929279,0.73633355,0.00041130334
img_driving/img.jpg,0.0062863464,0.002060682,0.002162804,0.004906382,0.041122142,0.5762889,0.0013775368,0.077037655,0.28724438,0.0015133063
img_driving/img.jpg,0.79175675,0.069387026,0.0026787196,0.017099144,0.0062090363,0.0022265068,0.062541746,0.0386106,0.00061448774,0.008876147
img_driving/img.jpg,0.09190435,0.037257574,0.00923154,0.63209164,0.032826994,0.014807963,0.045283604,0.01537861,0.0061565554,0.11506106
img_driving/img.jpg,0.13385546,0.013198344,0.15820509,0.0042675277,0.00503333,0.012986819,0.6296937,0.027880194,0.0036492911,0.011230273
img_driving/img.jpg,0.013270656,0.023847375,0.04391221,0.017095603,0.50723964,0.091316834,0.012390837,0.042099863,0.21475635,0.03407069
img_driving/img.jpg,0.034944203,0.010358195,0.007560732,0.005772016,0.43336347,0.009492123,0.007796574,0.4691891,0.004282278,0.017241208
img_driving/img.jpg,0.0074977297,0.00500374,0.0027933996,0.0044885757,0.0645314,0.42538625,0.002386014,0.14978097,0.33587658,0.0022552912
img_driving/img.jpg,0.019610416,0.01608094,0.0027747252,0.11919168,0.18015617,0.06366974,0.005347793,0.53290427,0.053294923,0.0069692885
img_driving/img.jpg,0.013424632,0.02024774,0.90672684,0.0017342406,0.027255192,0.002652252,0.002946354,0.0075973654,0.0070877257,0.010327693
img_driving/img.jpg,0.47461906,0.071637556,0.0070258095,0.03728572,0.07847357,0.008893669,0.046616994,0.24122322,0.005149104,0.029075278
img_driving/img.jpg,0.0068318103,0.00355398,0.02308811,0.004592611,0.7437515,0.043467518,0.0024406565,0.08068026,0.08081336,0.010780195
img_driving/img.jpg,0.093200184,0.013031455,0.016680887,0.0036376293,0.68556666,0.019010734,0.015967632,0.08343238,0.0123281535,0.057144247
img_driving/img.jpg,0.08907579,0.015426751,0.0036996126,0.016240483,0.40096632,0.0072290315,0.016887467,0.39100552,0.006643926,0.052825116
img_driving/img.jpg,0.017303018,0.005299837,0.50559753,0.0027862906,0.059290793,0.22284272,0.008259464,0.13567834,0.037043523,0.0058984873
img_driving/img.jpg,0.012553356,0.019676354,0.07180129,0.007419204,0.17643423,0.30417877,0.0070716413,0.2330887,0.15808584,0.009690618
img_driving/img.jpg,0.0035404165,0.0044172774,0.020340193,0.002950948,0.820774,0.01577052,0.0016443164,0.06495066,0.04902423,0.016587365
img_driving/img.jpg,0.008721841,0.0036362247,0.0023962855,0.004390579,0.096513234,0.39188096,0.0020038392,0.12583174,0.36159885,0.0030264398
img_driving/img.jpg,0.004135338,0.0013597083,0.0020123855,0.0019345524,0.036715686,0.46984908,0.00075603666,0.0402889,0.44229168,0.00065654324
img_driving/img.jpg,0.0012154224,0.0012065213,0.0009155401,0.0007427486,0.013388902,0.24594006,0.00075986545,0.01869683,0.71679884,0.00033518285
img_driving/img.jpg,0.19592759,0.039432056,0.12317991,0.028302442,0.3607955,0.024926698,0.14439866,0.022433184,0.0039090617,0.056694925
img_driving/img.jpg,0.026201084,0.015649617,0.04434265,0.006320964,0.25234255,0.17703491,0.015022829,0.02596287,0.3909234,0.046199106
img_driving/img.jpg,0.27419803,0.09060355,0.008823969,0.03175208,0.19257827,0.010861437,0.057925224,0.26460198,0.011201087,0.057454303
img_driving/img.jpg,0.009133213,0.010413246,0.011437571,0.0045736614,0.44148898,0.09782442,0.004544823,0.16526274,0.24567208,0.009649295
img_driving/img.jpg,0.011261473,0.014801636,0.05780222,0.008516023,0.25653923,0.24999331,0.010256374,0.08945905,0.28783742,0.013533344
img_driving/img.jpg,0.008387669,0.009938113,0.011981184,0.0038949857,0.52284634,0.07212498,0.003751473,0.15630834,0.20160171,0.009165223
img_driving/img.jpg,0.0061610118,0.0073843314,0.00782315,0.0029688105,0.65944695,0.029665124,0.0024283803,0.19402727,0.0776883,0.01240669
img_driving/img.jpg,0.016639063,0.006767974,0.00813619,0.0037278389,0.42700672,0.008854043,0.005756518,0.5040335,0.0038728009,0.015205488
img_driving/img.jpg,0.06641456,0.015641492,0.0048163845,0.011663791,0.21106187,0.010200307,0.013675748,0.6422511,0.003381233,0.020893555
img_driving/img.jpg,0.0068202703,0.008369442,0.009560901,0.0033661497,0.60096705,0.04758605,0.0031427818,0.17940955,0.13026012,0.010517643
img_driving/img.jpg,0.14574504,0.08131404,0.02159044,0.10566343,0.24737455,0.02781034,0.05469353,0.033747178,0.013825231,0.26823625
img_driving/img.jpg,0.006483083,0.008150023,0.006993541,0.0029992312,0.1797775,0.17545104,0.005568996,0.15841764,0.45145497,0.004703936
img_driving/img.jpg,0.091488265,0.03216944,0.00633612,0.02497479,0.11559132,0.011578891,0.020757442,0.668627,0.004250824,0.024225825
img_driving/img.jpg,0.06815107,0.030778123,0.0069398424,0.7214347,0.018648364,0.008463957,0.035927612,0.012644915,0.0044433335,0.09256804
img_driving/img.jpg,0.14518785,0.05520176,0.011726722,0.30209103,0.0779147,0.026082028,0.10782351,0.026772678,0.007748361,0.23945135
img_driving/img.jpg,0.18438888,0.09901466,0.016406177,0.21398692,0.12065947,0.02117374,0.073326804,0.030554354,0.009432323,0.23105659
img_driving/img.jpg,0.22338116,0.035826035,0.15985647,0.023069134,0.31011385,0.02180863,0.15180397,0.02411391,0.0028593012,0.04716751
img_driving/img.jpg,0.030921396,0.03485533,0.021494474,0.041994594,0.5313153,0.035440642,0.030079598,0.03257772,0.025017709,0.21630321
img_driving/img.jpg,0.06170762,0.048792955,0.02768938,0.049364332,0.2506738,0.17655154,0.06637452,0.077170506,0.12416672,0.11750859
img_driving/img.jpg,0.12926126,0.010761608,0.03491,0.012422249,0.0022379495,0.018292366,0.7020995,0.015424359,0.0017423334,0.07284831
img_driving/img.jpg,0.017919993,0.004014129,0.004143254,0.003835481,0.6758489,0.0056509934,0.004132581,0.2596152,0.004213016,0.020626532
img_driving/img.jpg,0.07907614,0.026595648,0.0047848322,0.022777542,0.2880814,0.021898802,0.048928984,0.37942612,0.025106138,0.10332434
img_driving/img.jpg,0.0012750672,0.0013998647,0.0009498716,0.00091076945,0.015788784,0.24554442,0.00094463746,0.022713678,0.7100515,0.00042133016
img_driving/img.jpg,0.3912092,0.18626934,0.031823583,0.22652352,0.06573076,0.0023560026,0.026315626,0.025453899,0.0010291474,0.04328886
img_driving/img.jpg,0.18273859,0.03523576,0.17956698,0.008294543,0.016398266,0.020106237,0.4988387,0.030986384,0.005249527,0.02258496
img_driving/img.jpg,0.009482277,0.010321053,0.121658705,0.0037216228,0.15392357,0.19202265,0.0036970759,0.018722426,0.47874895,0.007701702
img_driving/img.jpg,0.13031363,0.16694349,0.0119893765,0.58024603,0.00245855,0.009306,0.026824148,0.041429624,0.0042714006,0.026217772
img_driving/img.jpg,0.034247298,0.008627746,0.0050591254,0.051880013,0.14503215,0.08871502,0.073845424,0.059865274,0.047238007,0.4854899
img_driving/img.jpg,0.013252014,0.023968097,0.018915644,0.013992656,0.2615146,0.1966928,0.015300459,0.27458262,0.16473521,0.017045869
img_driving/img.jpg,0.0064439666,0.0073310565,0.0075638527,0.0033267385,0.6705754,0.028699236,0.002591635,0.19080414,0.06869971,0.013964367
img_driving/img.jpg,0.41166633,0.22190396,0.124396175,0.018407565,0.04563973,0.007947113,0.05304491,0.06633583,0.0072437725,0.043414623
img_driving/img.jpg,0.0023779387,0.007349207,0.016592687,0.006202475,0.20107663,0.13213326,0.00030986685,0.009826562,0.62343514,0.0006960578
img_driving/img.jpg,0.16675684,0.068328924,0.024958955,0.34450436,0.08704516,0.0408282,0.04684368,0.03188501,0.011946759,0.17690217
img_driving/img.jpg,0.012855708,0.022834042,0.015286843,0.007377702,0.53812206,0.062333424,0.009739258,0.18601182,0.12743083,0.018008415
img_driving/img.jpg,0.04178375,0.012202151,0.24268527,0.012693546,0.11109028,0.26665303,0.031356476,0.22598605,0.040972687,0.014576811
img_driving/img.jpg,0.1141758,0.12171755,0.0070738303,0.09716802,0.025182452,0.010247485,0.04270539,0.56730163,0.0055107595,0.008916999
img_driving/img.jpg,0.26978222,0.003939867,0.014460803,0.004633774,0.36378786,0.009817398,0.011467941,0.06629275,0.0062963725,0.24952102
img_driving/img.jpg,0.006252525,0.007680369,0.007884019,0.0031854166,0.66142124,0.029103749,0.0025820695,0.19484062,0.0739429,0.013107039
img_driving/img.jpg,0.67111903,0.04090944,0.0007272977,0.004254017,0.0014951343,0.0017506734,0.2561609,0.010515216,0.0007210339,0.012347208
img_driving/img.jpg,0.004103528,0.0055581313,0.005782897,0.0011774674,0.069488026,0.15724488,0.0027263884,0.046721175,0.7052654,0.0019321202
img_driving/img.jpg,0.065023206,0.06320407,0.018719925,0.072518975,0.39080507,0.032896943,0.17677124,0.057211664,0.031009616,0.09183933
img_driving/img.jpg,0.13910137,0.07771169,0.023024352,0.09939119,0.26890793,0.031747755,0.05167319,0.03460047,0.015835438,0.2580066
img_driving/img.jpg,0.04531666,0.012051064,0.0043177204,0.012457379,0.17547473,0.009932329,0.013868083,0.6981622,0.0036201612,0.024799673
img_driving/img.jpg,0.014364868,0.0161609,0.090516284,0.0077733295,0.14406966,0.3430661,0.00815541,0.052295603,0.31236488,0.011232982
img_driving/img.jpg,0.0260623,0.004955475,0.0034118854,0.006642225,0.42036355,0.0059794793,0.005310467,0.5040555,0.0033906843,0.01982855
img_driving/img.jpg,0.01325509,0.009282031,0.09056674,0.0053264895,0.24647708,0.24384092,0.0053095855,0.04101325,0.3330733,0.011855509
img_driving/img.jpg,0.033450563,0.00730361,0.002370866,0.012196325,0.09744999,0.009530179,0.008784528,0.81283367,0.0025475943,0.013532746
img_driving/img.jpg,0.0026706597,0.0038708518,0.0023137059,0.0074296044,0.28395665,0.106143154,0.000209842,0.012934588,0.579512,0.00095901167
img_driving/img.jpg,0.0066846646,0.009318345,0.0142407175,0.006059444,0.5979998,0.07264854,0.006165412,0.09698695,0.17237261,0.017523596
img_driving/img.jpg,0.17738155,0.010530595,0.02577585,0.017995419,0.26100832,0.021605553,0.040855873,0.35679725,0.0055521447,0.08249741
img_driving/img.jpg,0.0062642246,0.0028154326,0.001863744,0.0052094823,0.028358499,0.5956089,0.0018082728,0.10632756,0.25014412,0.0015998095
img_driving/img.jpg,0.015771907,0.0034828007,0.0026264675,0.007109688,0.3559193,0.010678431,0.0054628286,0.572153,0.007286936,0.019508554
img_driving/img.jpg,0.006314871,0.008496651,0.009804483,0.002873232,0.61253947,0.040810756,0.0026988145,0.18460935,0.12214857,0.009703703
img_driving/img.jpg,0.12385899,0.055504236,0.028710024,0.18566413,0.21887654,0.05043785,0.066682845,0.027941156,0.015494053,0.22683018
img_driving/img.jpg,0.2832385,0.08129625,0.13797988,0.026843911,0.13299361,0.021595933,0.21599506,0.044367228,0.0037698022,0.051919866
img_driving/img.jpg,0.00956407,0.02103719,0.032422557,0.0043861377,0.30413967,0.103252016,0.007137446,0.4431972,0.06614436,0.008719412
img_driving/img.jpg,0.026393743,0.009241317,0.015718669,0.0038728334,0.7565958,0.023472914,0.008126665,0.10807246,0.020513877,0.027991664
img_driving/img.jpg,0.027063198,0.047162384,0.01924933,0.041701373,0.5539429,0.029950047,0.027586112,0.047320373,0.04242736,0.16359685
img_driving/img.jpg,0.08843811,0.015759943,0.0021561892,0.0066508884,0.0026307632,0.0010287564,0.20551582,0.00035043742,0.005242949,0.6722261
img_driving/img.jpg,0.0056796633,0.006946585,0.0077592963,0.0026186216,0.6588176,0.029391233,0.0022376,0.19342819,0.08202238,0.011098785
img_driving/img.jpg,0.18856287,0.08585007,0.01312627,0.010912184,0.32134968,0.009008341,0.035199333,0.05452837,0.024990885,0.25647208
img_driving/img.jpg,0.011641687,0.023902368,0.07997662,0.010344071,0.35332552,0.10948865,0.0027079582,0.062709615,0.34092316,0.0049803886
img_driving/img.jpg,0.083653726,0.04846028,0.0892464,0.046591744,0.18353948,0.095959805,0.019153157,0.24194981,0.17088494,0.020560507
img_driving/img.jpg,0.057670537,0.048681032,0.0058056284,0.77024835,0.010974154,0.012239845,0.020348737,0.016636502,0.007313915,0.05008124
img_driving/img.jpg,0.007815635,0.00302713,0.0021270844,0.0027586357,0.11891319,0.3003099,0.001448863,0.09458522,0.46671668,0.0022976925
img_driving/img.jpg,0.010980412,0.005850724,0.0052100406,0.0039818515,0.24187683,0.19978955,0.0020035873,0.08695104,0.4385646,0.0047912193
img_driving/img.jpg,0.1821147,0.029146507,0.1828893,0.0072982586,0.015294736,0.019781744,0.506552,0.03159266,0.005146674,0.020183392
img_driving/img.jpg,0.10563956,0.014019414,0.0031001482,0.019500071,0.26725167,0.011401834,0.01239493,0.53951347,0.005357947,0.021821043
img_on.jpg,0.19447018,0.06589903,0.005380179,0.017106079,0.0033509608,0.020044547,0.5807062,0.033838633,0.012480091,0.06672401
img_on.jpg,0.4288323,0.12025731,0.0027582205,0.040635265,0.0016658409,0.0057578157,0.33242095,0.05190211,0.0011955705,0.014574618
img_on.jpg,0.19571227,0.03082332,0.010526024,0.017977068,0.0034258845,0.004083368,0.59996015,0.0068922546,0.0003856352,0.13021405
img_on.jpg,0.6388829,0.21380843,0.02318528,0.0119125275,0.0029838588,0.0015056434,0.08192162,0.009623806,0.0011077519,0.015068293
img_on.jpg,0.16994731,0.012079656,0.0029215505,0.0046719178,0.0015602917,0.0019986301,0.69923025,0.0015754547,0.0020615258,0.1039534
img_on.jpg,0.19862577,0.08059997,0.0137583185,0.1028132,0.00048428148,0.005539697,0.5558352,0.02480104,0.00045384787,0.017088784
img_on.jpg,0.6237115,0.023757031,0.0039559593,0.007807004,0.0058306265,0.009096741,0.2959534,0.009442237,0.004846781,0.015598648
img_on.jpg,0.55308336,0.022850329,0.0034411883,0.008376307,0.004327855,0.006716231,0.37110052,0.00532286,0.005168058,0.019613193
img_on.jpg,0.48893857,0.15746891,0.0019856258,0.04049845,0.001068271,0.00192849,0.25473192,0.047652323,0.0003040456,0.0054233843
img_on.jpg,0.37890562,0.11091694,0.002066205,0.024796689,0.0010804825,0.0026163557,0.45154867,0.018944139,0.0007581882,0.008366611
img_on.jpg,0.06517942,0.033764094,0.0049030418,0.83681136,0.00040289343,0.00069650466,0.03966252,0.0051498823,0.0003723079,0.013058011
img_on.jpg,0.59907925,0.25272375,0.017515225,0.015690267,0.0034189858,0.00224183,0.07336157,0.022810727,0.0013530401,0.011805415
img_on.jpg,0.04525537,0.0045026,0.00041139184,0.0054171565,0.0004809291,0.006660996,0.871748,0.001189343,0.0022843957,0.062049873
img_on.jpg,0.4007929,0.17126378,0.0022295509,0.03703216,0.0015289248,0.0027923326,0.34517342,0.030603528,0.00061714085,0.0079663135
img_on.jpg,0.1550894,0.08586814,0.008207214,0.029858632,0.010554626,0.044406004,0.41049477,0.14563519,0.022241542,0.08764455
img_on.jpg,0.42868963,0.301959,0.004177108,0.09323819,0.00553832,0.0054151327,0.11357303,0.037856955,0.0012429133,0.008309667
img_on.jpg,0.5008534,0.00839624,0.0012764813,0.0047772606,0.001507259,0.0031336627,0.4637701,0.0021554157,0.002072412,0.012057646
img_on.jpg,0.32879284,0.082407296,0.00978049,0.021401543,0.010888856,0.015622364,0.0791478,0.43980643,0.001287754,0.010864555
img_on.jpg,0.19976541,0.005926573,0.0018389561,0.004770274,0.00080984214,0.0019063615,0.59946215,0.0006595759,0.0026341982,0.1822267
img_on.jpg,0.16638508,0.012945343,0.010361777,0.013532211,0.0028036851,0.0031163616,0.57704103,0.004116943,0.00026725908,0.20943029
img_on.jpg,0.16992076,0.121837385,0.006296447,0.015497895,0.007420213,0.069734946,0.47348946,0.107047334,0.009850803,0.018904924
img_on.jpg,0.06272206,0.10233304,0.0063655856,0.7701192,0.0008637676,0.0015842371,0.031791557,0.011026068,0.00095467304,0.0122397
img_on.jpg,0.5276287,0.031952605,0.005012157,0.02288611,0.0046534925,0.005709321,0.38276368,0.0046577677,0.0023413203,0.012394839
img_on.jpg,0.22318003,0.087113604,0.0024140878,0.058528434,0.013894043,0.025821732,0.29458973,0.19767463,0.011632359,0.08515138
img_on.jpg,0.04145444,0.16285306,0.009125914,0.053211957,0.062778704,0.006189135,0.5028086,0.008976761,0.003000927,0.14960054
img_on.jpg,0.34109908,0.0064318916,0.014183837,0.018420456,0.00021781573,0.0023315293,0.5972342,0.0035582036,6.9583904e-05,0.01645339
img_on.jpg,0.062346995,0.030650606,0.005838805,0.8341319,0.00051034504,0.000800639,0.044977456,0.00458025,0.0003777256,0.015785286
img_on.jpg,0.0639893,0.075499326,0.011161565,0.7762816,0.000729006,0.0012188242,0.045358226,0.008360598,0.00078501384,0.016616609
img_on.jpg,0.7546795,0.07453206,0.0025395765,0.006352457,0.00040212143,0.0007445425,0.14867073,0.0046055,0.00018677623,0.007286622
img_on.jpg,0.46571407,0.27037016,0.0054741604,0.038273685,0.004761586,0.004224568,0.17110291,0.028102856,0.0015525289,0.010423432
img_on.jpg,0.4236822,0.012657976,0.0009856542,0.0034849392,0.00068626186,0.0012644818,0.5307577,0.0016031124,0.0011741895,0.023703486
img_on.jpg,0.7480334,0.05598919,0.0034662746,0.0044896984,0.00045886094,0.0007893068,0.17409009,0.002085653,0.0003348874,0.010262678
img_on.jpg,0.12076651,0.009519676,0.011599607,0.01370611,0.00018115451,0.0009787686,0.83127207,0.0020216233,3.4145603e-05,0.009920373
img_on.jpg,0.3633987,0.05588068,0.0014664836,0.008228758,0.0047185826,0.007981182,0.5011121,0.033333678,0.0035357948,0.020344038
img_on.jpg,0.30961603,0.12828125,0.0025520697,0.016566666,0.0039123506,0.008414725,0.31153807,0.20337638,0.0012617261,0.0144807445
img_on.jpg,0.3481653,0.010785069,0.0013825467,0.0032653084,0.0010752473,0.0020563602,0.60568786,0.0016551526,0.0023085503,0.023618596
img_on.jpg,0.04243356,0.006247143,0.00075280154,0.0078886,0.0007598347,0.014695601,0.8506427,0.0019611146,0.0045330436,0.07008554
img_on.jpg,0.61015487,0.0068869526,0.0006843861,0.004715599,0.00085287023,0.0024621938,0.3662615,0.0015156426,0.001087814,0.0053782286
img_on.jpg,0.6054568,0.24615072,0.017927993,0.015225988,0.0034402166,0.0022509173,0.07483372,0.021441827,0.0013823173,0.011889514
img_on.jpg,0.3519623,0.18259439,0.002320374,0.0469431,0.0019777245,0.0032869799,0.3599484,0.040848464,0.0007417824,0.009376486
img_on.jpg,0.70826596,0.17690715,0.013832149,0.008092462,0.0040223966,0.0018405241,0.068740875,0.0070062415,0.0013698546,0.009922433
img_on.jpg,0.05834092,0.015213675,0.00078214053,0.0058147837,0.0014888863,0.0055967765,0.8673229,0.004022833,0.0038285456,0.03758854
img_on.jpg,0.5608533,0.03201124,0.0051154494,0.07036397,0.011201278,0.004114603,0.28025344,0.004579828,0.0026777526,0.02882912
img_on.jpg,0.6343504,0.08029166,0.023146795,0.005036823,0.0007772912,0.00057347515,0.22806014,0.0011596212,0.000612827,0.025990909
img_on.jpg,0.47025347,0.005739381,0.0057574194,0.011540473,0.0010982748,0.0026595166,0.4274208,0.005917732,0.00024158845,0.06937139
img_on.jpg,0.55521774,0.031546697,0.0035732968,0.0069241105,0.0044877287,0.00402277,0.24642253,0.0046626357,0.0042724567,0.13886997
img_on.jpg,0.38877672,0.30361685,0.0051335143,0.06783599,0.005917331,0.005057044,0.16473506,0.046770833,0.0015113354,0.010645251
img_on.jpg,0.6191498,0.18680161,0.043301683,0.008279591,0.0027084257,0.0008080793,0.10939656,0.0025225137,0.001199693,0.025832122
img_on.jpg,0.4449384,0.25771868,0.0022945001,0.060632333,0.0036468261,0.0033346375,0.196993,0.022064444,0.0009337744,0.0074433964
img_on.jpg,0.41113767,0.055841208,0.0011234153,0.012914642,0.0012256649,0.0032065937,0.46154895,0.03943366,0.00076834345,0.012799834
img_on.jpg,0.5851781,0.23238033,0.0016037808,0.038936816,0.0014702601,0.0019132396,0.11627457,0.018179823,0.0003666224,0.0036964556
img_on.jpg,0.3444543,0.09347272,0.01024149,0.024325188,0.012378597,0.020524738,0.08790944,0.39345646,0.0016693632,0.011567742
img_on.jpg,0.033868715,0.013762449,0.006113197,0.90912896,0.0003725564,0.00023794941,0.020897476,0.001471754,0.00020171386,0.013945228
img_on.jpg,0.22440393,0.5956346,0.06807458,0.0142602455,0.013832891,0.0016996901,0.029827803,0.041345853,0.0014814503,0.009438833
img_on.jpg,0.2146019,0.034878444,0.009055072,0.012302115,0.035123207,0.009855789,0.4014202,0.010978991,0.0074570463,0.26432723
img_on.jpg,0.6693731,0.21674703,0.00978583,0.012536749,0.0027280715,0.0017288433,0.052843332,0.028345486,0.00060844986,0.005303126
img_on.jpg,0.34670675,0.02294472,0.0036240614,0.0075044865,0.0038408719,0.0069452627,0.5806018,0.0046040136,0.0035609766,0.01966695
img_on.jpg,0.5898218,0.21065389,0.0066123307,0.038846947,0.0038439925,0.004550975,0.111207016,0.024057,0.0016143464,0.008791697
img_on.jpg,0.768893,0.10128561,0.005788743,0.005664435,0.0010949125,0.0007647921,0.10330554,0.002773101,0.00038610064,0.010043774
img_on.jpg,0.06265078,0.103161454,0.010593676,0.7498324,0.0010731913,0.0020034057,0.04092038,0.011980898,0.0011379486,0.01664593
img_on.jpg,0.5041361,0.0072860233,0.0010518341,0.0038553427,0.0012748087,0.0028836573,0.46367514,0.0017403014,0.0019741838,0.012122634
img_on.jpg,0.6776071,0.026877185,0.004542244,0.022134513,0.0031267516,0.002068464,0.20792314,0.013174902,0.0005234534,0.042022143
img_on.jpg,0.070947826,0.114326485,0.015425746,0.7107274,0.0011001249,0.0015187023,0.052290656,0.012422558,0.0009775414,0.02026297
img_on.jpg,0.041810855,0.01630475,0.0050416794,0.85932106,0.0005913294,0.0004663578,0.053936567,0.0017477457,0.00024205518,0.02053763
img_on.jpg,0.13317224,0.09735728,0.003115258,0.030327966,0.0037253888,0.007906085,0.054249536,0.65741444,0.0011798864,0.011551882
img_on.jpg,0.08676743,0.08119506,0.0025460888,0.016014796,0.0048373304,0.020314673,0.6824912,0.067706175,0.007475104,0.030652124
img_on.jpg,0.4913111,0.27208582,0.0063581103,0.03425311,0.004522886,0.0042022,0.14731465,0.02792361,0.0016214533,0.010407148
img_on.jpg,0.13148242,0.0069948975,0.014934755,0.011181108,0.00018411927,0.000821862,0.8240436,0.001858085,3.6677597e-05,0.008462357
img_on.jpg,0.6442161,0.1328187,0.041619707,0.012603459,0.0092828,0.004073264,0.103931725,0.01848974,0.0030620622,0.029902484
img_on.jpg,0.76937467,0.07049313,0.004595956,0.005683979,0.0005615257,0.00076210883,0.13530405,0.002795656,0.0003188911,0.010110153
img_on.jpg,0.04589271,0.21294793,0.009530062,0.0535411,0.09060433,0.005940145,0.42710593,0.009458474,0.0037507298,0.1412285
img_on.jpg,0.5297989,0.24142516,0.0022499945,0.04160834,0.0018641213,0.0026558484,0.1518617,0.02338923,0.0005006699,0.004645981
img_on.jpg,0.5893967,0.023653608,0.0041269446,0.024239572,0.0047603105,0.0059284507,0.32978952,0.004066975,0.0021799693,0.01185784
img_on.jpg,0.6951068,0.033352867,0.0020912462,0.004139953,0.00018521902,0.00054001494,0.2524844,0.0023633493,0.0002153524,0.009520829
img_on.jpg,0.5551679,0.033628717,0.005429367,0.074372046,0.0109994,0.004154339,0.2808079,0.0045161718,0.0025490993,0.028375063
img_on.jpg,0.31360626,0.22564447,0.0034263863,0.06764832,0.0030147512,0.0041619125,0.26616058,0.10587839,0.0010055464,0.009453391
img_on.jpg,0.072099306,0.00723715,0.016351555,0.0064978097,0.00012726856,0.00078025414,0.8891551,0.0014812864,3.617547e-05,0.0062340554
img_on.jpg,0.20904091,0.04313844,0.0024925629,0.0060992716,0.0038952872,0.0067057605,0.65024346,0.013372201,0.007193418,0.057818696
img_on.jpg,0.22020274,0.12573196,0.0031798666,0.013139095,0.0028899745,0.0056190374,0.42101428,0.18220042,0.0015359301,0.024486773
img_on.jpg,0.22192526,0.1181938,0.005608002,0.17574418,0.009354491,0.002813757,0.3507302,0.008437918,0.0015633057,0.10562902
img_on.jpg,0.32609284,0.028414303,0.006538255,0.019357584,0.022216763,0.008282784,0.5006347,0.0056939176,0.0058157328,0.07695322
img_on.jpg,0.7526471,0.07378304,0.006757577,0.0066332817,0.00087860407,0.0011093321,0.1405349,0.0029546046,0.0005602554,0.014141435
img_on.jpg,0.28937125,0.033022933,0.0045842915,0.0072555537,0.0028174089,0.0047859787,0.5978624,0.006052318,0.00589196,0.048355926
img_on.jpg,0.2398102,0.007936686,0.013184957,0.016723083,0.00020633625,0.0020889735,0.70114464,0.00323213,5.6582252e-05,0.015616281
img_on.jpg,0.46425635,0.06439292,0.006943013,0.006495535,0.0037844512,0.009192884,0.36036322,0.06595354,0.0027688164,0.015849192
img_on.jpg,0.21148787,0.06780969,0.53011477,0.009011374,0.011911265,0.0035777201,0.10645583,0.011152521,0.0040485263,0.044430412
img_on.jpg,0.049838457,0.0054565053,0.00063586223,0.007043534,0.00073085877,0.011842742,0.850969,0.0016174532,0.003486358,0.06837924
img_on.jpg,0.24496658,0.11982231,0.022528285,0.15728275,0.0007335927,0.0064547546,0.39790356,0.032274794,0.00076026475,0.017273245
img_on.jpg,0.12814412,0.01723746,0.0033702042,0.0076210434,0.001863262,0.0015467149,0.65245014,0.0011358175,0.0023923295,0.18423894
img_on.jpg,0.022288794,0.016236858,0.0033689416,0.9289606,0.00045240644,0.000286454,0.014824913,0.0013411584,0.0002592604,0.011980555
img_on.jpg,0.32870477,0.085782796,0.0019531033,0.011943797,0.0030269474,0.009400154,0.4621098,0.08048232,0.0023179105,0.014278428
img_on.jpg,0.8322155,0.009100511,0.009372582,0.014977928,0.0013660208,0.008058481,0.08665291,0.016756712,0.00060230086,0.020897167
img_on.jpg,0.7242513,0.005498084,0.0033426257,0.012628264,0.0015080144,0.0012987549,0.18519038,0.0070573604,0.0002515025,0.058973737
img_on.jpg,0.1187064,0.077555075,0.0048068,0.03661094,0.01075655,0.04406452,0.4696929,0.1291205,0.020587485,0.0880989
img_on.jpg,0.14257005,0.22653332,0.027372045,0.3686491,0.0028329222,0.004962436,0.13616295,0.04153606,0.0019742385,0.047406856
img_on.jpg,0.119753055,0.17152783,0.0033769205,0.014784863,0.01451021,0.02694719,0.3407417,0.27097327,0.008495939,0.028888939
img_on.jpg,0.35768855,0.021727597,0.004156878,0.00898799,0.004428966,0.006886082,0.5732388,0.0043747,0.0037381377,0.014772247
img_on.jpg,0.14693998,0.062841706,0.009264871,0.025454314,0.0040954165,0.0053074877,0.63710845,0.00896698,0.0005161408,0.09950458
img_on.jpg,0.33458632,0.07522612,0.0016314543,0.013831826,0.0026150274,0.007972152,0.4579609,0.09158192,0.0015385215,0.013055924
img_on.jpg,0.29313678,0.025289407,0.0018197261,0.030640533,0.0015796415,0.002567454,0.55966425,0.0013360155,0.0033140625,0.08065216
img_on.jpg,0.40798426,0.010221903,0.0010580089,0.0036436094,0.0007006091,0.0013644121,0.54339504,0.0011821331,0.0013323314,0.02911768
img_on.jpg,0.27402374,0.19355427,0.0038390649,0.03338213,0.002039784,0.0038801183,0.32822266,0.13402128,0.0010703555,0.025966566
img_on.jpg,0.042629972,0.0074626314,0.000432368,0.009816696,0.0004544511,0.009338672,0.89474875,0.0033314324,0.0015553102,0.03022969
img_on.jpg,0.3277764,0.12803572,0.0025383052,0.026553396,0.0017855078,0.0030472504,0.39948156,0.08125438,0.0011426748,0.028384747
img_on.jpg,0.38201994,0.03584998,0.001489155,0.015317314,0.0062901783,0.0063723694,0.40059832,0.13328075,0.0008007032,0.017981222
img_on.jpg,0.118930034,0.011952197,0.021492576,0.011805724,0.0002935327,0.0009919299,0.82296604,0.0023866182,5.1852752e-05,0.009129424
img_on.jpg,0.24559215,0.0076973657,0.0019377535,0.0043232776,0.00092992035,0.0020406388,0.61979353,0.00096059736,0.0027633284,0.113961436
img_on.jpg,0.3899352,0.011980779,0.0014617797,0.0051940344,0.00078899635,0.0016856034,0.5173551,0.0011642481,0.002202127,0.06823212
img_on.jpg,0.40624028,0.046370495,0.0011653628,0.014419806,0.0037365176,0.0030881648,0.45575616,0.043614402,0.0008563363,0.024752378
img_on.jpg,0.6179081,0.0104834605,0.0011509706,0.004984877,0.0021257836,0.0047335355,0.34060213,0.0026052627,0.0026597017,0.012746179
img_on.jpg,0.64733577,0.031701673,0.0012896905,0.011065756,0.0035620634,0.005476761,0.21835086,0.07029742,0.0005605249,0.010359451
img_on.jpg,0.106591925,0.019685565,0.02363671,0.48516637,0.0004472348,0.00025057688,0.32785386,0.0028688395,5.546716e-05,0.033443492
img_on.jpg,0.23642485,0.01581529,0.0014333513,0.02217463,0.0009663627,0.0017477071,0.61428744,0.0006979693,0.0028700524,0.10358223
img_on.jpg,0.6155695,0.14591107,0.04167637,0.0070167016,0.001769774,0.00073473726,0.15693328,0.0020724188,0.0009468957,0.027369257
img_on.jpg,0.04605144,0.14948452,0.008030665,0.04751345,0.046887644,0.005507814,0.53012025,0.007336689,0.0023383833,0.15672915
img_on.jpg,0.030093353,0.026408397,0.0039972765,0.91631573,0.00031531608,0.00036520144,0.009541665,0.0033603257,0.0004336411,0.00916894
img_on.jpg,0.10475345,0.07083279,0.003247663,0.04475153,0.014596009,0.04410006,0.44797623,0.09791406,0.028484635,0.14334361
img_on.jpg,0.7522073,0.062204197,0.0018237492,0.0068588206,0.00027232684,0.0007583805,0.16421588,0.0065688444,0.0001375055,0.004953022
img_on.jpg,0.001969878,0.0011683609,0.047261395,0.0036595296,0.0023376092,0.82906944,0.0027221884,0.0064942595,0.1051159,0.00020137291
img_on.jpg,0.0115721915,0.002911165,0.95107406,0.0011197341,0.0054926085,0.011355391,0.0012674415,0.008535892,0.0028955017,0.0037759363
img_on.jpg,0.015792865,0.024987437,0.06343711,0.015713599,0.014428388,0.69008666,0.017498435,0.128445,0.026375797,0.003234744
img_on.jpg,0.020864896,0.026030255,0.053730305,0.020003498,0.017337395,0.6754816,0.01935373,0.1433666,0.020229904,0.0036018812
img_on.jpg,0.018067574,0.00013385592,0.004923167,0.015424549,0.028350323,0.49788824,0.03741789,0.33578944,0.029910382,0.032094605
img_on.jpg,0.0066468883,0.021706374,0.16862755,0.0067364024,0.022876196,0.5841906,0.010068349,0.11517457,0.060006496,0.0039664973
img_on.jpg,0.0075905235,0.0040685446,0.0016503901,0.010723885,0.14248846,0.22396848,0.000980573,0.022585852,0.58330953,0.0026338198
img_on.jpg,0.0021059758,0.0011036354,0.0076449765,0.0025373462,0.003175245,0.7919289,0.0013314302,0.008991153,0.18102257,0.00015876876
img_on.jpg,0.007509642,0.0011816955,0.0644583,0.0016543971,0.03726203,0.66987884,0.0034087745,0.053483825,0.15878142,0.002381044
img_on.jpg,0.14545944,0.03759718,0.63450074,0.022180112,0.011433568,0.035738673,0.025368353,0.035706185,0.019325903,0.032689743
img_on.jpg,0.0018320004,0.0010698506,0.01825417,0.0019977847,0.0022139994,0.8260691,0.001862068,0.007362168,0.1391781,0.0001607379
img_on.jpg,0.116456404,0.041358415,0.5692556,0.012436324,0.009411996,0.069923624,0.0896119,0.03227946,0.033790227,0.025476038
img_on.jpg,0.07623526,0.061608076,0.28700387,0.017724054,0.017308334,0.27937347,0.061268024,0.10347271,0.06613548,0.029870674
img_on.jpg,0.0025818928,0.003637063,0.17177945,0.0017310054,0.012087133,0.57827604,0.009277603,0.051479504,0.16637337,0.002777099
img_on.jpg,0.0011084677,0.0004786149,0.0010132819,0.0009334532,0.0066628936,0.57377815,0.0005211722,0.027724296,0.3875822,0.00019741162
img_on.jpg,0.0013346515,0.00038358822,0.0007875983,0.0037981323,0.004343024,0.75749785,0.0006747813,0.037690844,0.1932209,0.00026866322
img_on.jpg,0.0038997584,0.0066743125,0.013316373,0.0068048676,0.16376245,0.19830704,0.000603782,0.01624899,0.5891965,0.0011858052
img_on.jpg,0.69022447,0.0071323696,0.0030716981,0.015852816,0.0019349138,0.0017140212,0.20783293,0.008989239,0.00031243236,0.06293502
img_on.jpg,0.0357231,0.05101346,0.69188917,0.015650852,0.014464958,0.00882414,0.012767621,0.1630609,0.0009877159,0.0056181215
img_on.jpg,0.038235478,0.1092119,0.02459033,0.02198975,0.015443708,0.46655348,0.117750846,0.13960856,0.054707553,0.011908459
img_on.jpg,0.0022148916,0.0010895542,0.025129925,0.003067428,0.002364388,0.8534447,0.0018855714,0.008585362,0.10204026,0.00017788484
img_on.jpg,0.034900848,0.0019869062,0.007939178,0.0265373,0.022242798,0.26567787,0.30176196,0.111634634,0.032057162,0.1952613
img_on.jpg,0.0068118363,0.005326147,0.6022405,0.0069037266,0.029671965,0.27217326,0.002779098,0.0470019,0.024659889,0.0024316744
img_on.jpg,0.04125312,0.14979295,0.024280576,0.022846244,0.010853663,0.34933126,0.10458955,0.27184346,0.01909783,0.0061113397
img_on.jpg,0.003981735,0.0051593594,0.024424361,0.005343603,0.06658458,0.30605504,0.0012552552,0.015672646,0.57054335,0.000979995
img_on.jpg,0.17006668,0.082755,0.08419679,0.09736441,0.060275983,0.17925254,0.050043844,0.1689935,0.03089079,0.07616045
img_on.jpg,0.16107756,0.12732832,0.09327761,0.03164121,0.011123073,0.16186653,0.21031804,0.114752635,0.039044738,0.04957024
img_on.jpg,0.0014410294,0.00040422956,0.0008146624,0.0043558357,0.004375011,0.7753887,0.0007438153,0.042349525,0.1698344,0.00029276343
img_on.jpg,0.007560963,0.0063709654,0.0020111224,0.009064005,0.03217493,0.48586133,0.0054919324,0.29684952,0.15042593,0.004189443
img_on.jpg,0.0021033594,0.00045962667,0.00141629,0.0019902603,0.008947814,0.69897807,0.0005801931,0.029200554,0.25607023,0.0002536025
img_on.jpg,0.009429633,0.008286673,0.467691,0.0086945975,0.03526818,0.37270263,0.004106788,0.05756332,0.03315733,0.003099854
img_on.jpg,0.059406225,0.08261391,0.33394197,0.018909296,0.031727992,0.18733603,0.028241465,0.18625684,0.046286963,0.0252792
img_on.jpg,0.10998429,0.13172343,0.14082591,0.062133692,0.040369418,0.12607676,0.022160184,0.2850882,0.027285527,0.054352537
img_on.jpg,0.01247145,0.031946234,0.4655825,0.002199647,0.103654414,0.08984661,0.009833202,0.035732526,0.24122687,0.007506449
img_on.jpg,0.040105328,0.06765145,0.017876381,0.021124786,0.006595605,0.3760203,0.33409965,0.082252204,0.038306803,0.015967494
img_on.jpg,0.012489005,0.0031133564,0.010380082,0.005120665,0.080194496,0.5028387,0.017862875,0.108961016,0.21941824,0.039621484
img_on.jpg,0.08204924,0.063859485,0.5864073,0.020786881,0.018448252,0.08119068,0.016511362,0.077507555,0.029846529,0.023392709
img_on.jpg,0.03762765,0.019914256,0.8223858,0.0037503345,0.010535143,0.043180257,0.0061102225,0.03515928,0.0138659,0.00747128
img_on.jpg,0.13632078,0.10193446,0.04760169,0.08928034,0.06571415,0.17842668,0.036066554,0.21396174,0.033966675,0.096726894
img_on.jpg,0.0017683065,0.00041637954,0.0013691669,0.0020420381,0.007835845,0.72626716,0.00073164434,0.038438,0.22077549,0.00035589805
img_on.jpg,0.0023999724,0.0013649373,0.013452152,0.004928593,0.005539358,0.73960847,0.0037563334,0.020099092,0.20837133,0.00047980153
img_on.jpg,0.015732814,0.025663111,0.2659835,0.010226448,0.16455439,0.15274554,0.006671215,0.082666494,0.27066708,0.0050893785
img_on.jpg,0.072685726,0.0014918039,0.011261355,0.03564977,0.009724885,0.078213856,0.5524544,0.04621164,0.006348271,0.18595822
img_on.jpg,0.0038403776,0.0018451066,0.07725416,0.007250429,0.004664079,0.80579764,0.0033936508,0.011851446,0.08361392,0.0004891781
img_on.jpg,0.01206232,0.025698142,0.09120068,0.013506839,0.012968608,0.65510035,0.013530039,0.14766237,0.025763396,0.0025073076
img_on.jpg,0.26741442,0.057609364,0.11057765,0.018220818,0.05372929,0.03311245,0.35783854,0.051821783,0.0067815753,0.042894036
img_on.jpg,0.03345987,0.0011849016,0.0066850353,0.024337912,0.018777477,0.25368392,0.3187151,0.13629319,0.022205526,0.18465714
img_on.jpg,0.27359554,0.10004263,0.09299384,0.21783625,0.024005907,0.046422597,0.052957617,0.112333216,0.010845735,0.06896653
img_on.jpg,0.117847644,0.023801545,0.031605374,0.0071656336,0.25611508,0.1789529,0.042691052,0.27002546,0.032748606,0.03904664
img_on.jpg,0.033275153,0.1069948,0.049035218,0.05238586,0.020081807,0.29171997,0.049936585,0.37959313,0.010183243,0.006794203
img_on.jpg,0.00955476,0.0046591912,0.0017988977,0.0068936734,0.023460684,0.41242152,0.0048674755,0.45837235,0.074446715,0.0035245807
img_on.jpg,0.14668156,0.09927023,0.06485971,0.08328951,0.04827556,0.22739728,0.07033811,0.14861242,0.040610142,0.07066532
img_on.jpg,0.006708972,0.018080091,0.5837913,0.009264918,0.016234733,0.20324326,0.0039870683,0.15155332,0.0059127053,0.0012235868
img_on.jpg,0.21401341,0.05635476,0.11527558,0.02572582,0.3017109,0.031556897,0.15519357,0.037060943,0.005838451,0.057269678
img_on.jpg,0.0017020132,0.0010132965,0.03454799,0.0024516364,0.002059106,0.7921225,0.0022519312,0.0051850635,0.15849087,0.00017559898
img_on.jpg,0.10848287,0.09837654,0.0252521,0.029504899,0.016052853,0.030757083,0.565217,0.03479765,0.012102703,0.079456285
img_on.jpg,0.05055275,0.0029054726,0.022891812,0.019622738,0.013089674,0.17833365,0.4850703,0.094502695,0.023460979,0.109569915
img_on.jpg,0.072262794,0.06373004,0.38859725,0.022145089,0.029157069,0.19498432,0.019152766,0.14700682,0.03871483,0.024249112
img_on.jpg,0.004368157,0.00050421635,0.039762378,0.0009907786,0.0199912,0.71601397,0.002268436,0.040403634,0.17462829,0.0010688531
img_on.jpg,0.0013904765,0.00022344169,0.0018967924,0.0011273939,0.004786499,0.7738098,0.00052597234,0.018326642,0.19777806,0.0001348011
img_on.jpg,0.11969953,0.07977788,0.20665972,0.13673335,0.045434043,0.09261605,0.023369778,0.20898958,0.022392098,0.0643279
img_on.jpg,0.001160214,0.00046244936,0.0010514298,0.0005655569,0.009085203,0.45829713,0.00036378726,0.022457128,0.5064162,0.00014091634
img_on.jpg,0.00691384,0.012053116,0.0954076,0.006286415,0.014211095,0.7060353,0.011599375,0.078439355,0.065996565,0.003057318
img_on.jpg,0.012484549,0.018667385,0.067702435,0.010873638,0.1568126,0.3730361,0.008125486,0.08013349,0.25647584,0.015688468
img_on.jpg,0.009750385,0.008171531,0.0053518834,0.008250011,0.0429892,0.55183595,0.0040759505,0.16924533,0.19614732,0.004182463
img_on.jpg,0.009534204,0.017501596,0.079942234,0.00452396,0.102119245,0.19537063,0.004187883,0.034326613,0.5491131,0.0033804977
img_on.jpg,0.0039999965,0.004710728,0.0043901424,0.0071499264,0.19338939,0.16084723,0.0004536817,0.015198633,0.60862887,0.0012312956
img_on.jpg,0.043766975,0.14869635,0.020606874,0.023154484,0.009980806,0.37151885,0.1462134,0.20479006,0.023464395,0.0078076995
img_on.jpg,0.007088515,0.00042610682,0.02137704,0.019275133,0.015405466,0.49656165,0.007714889,0.40279055,0.02816738,0.0011931978
img_on.jpg,0.0051260297,0.001910055,0.019346392,0.011565382,0.0065219766,0.8295339,0.0034117533,0.05862424,0.063362,0.00059826253
img_on.jpg,0.0026443955,0.00044957784,0.0013296646,0.006564714,0.012824381,0.30167454,0.002482865,0.64224046,0.028840812,0.0009485124
img_on.jpg,0.0921297,0.08863282,0.03249303,0.6434198,0.0058675455,0.0071071894,0.05488018,0.020410344,0.0030854046,0.051973883
img_on.jpg,0.012135445,0.006497591,0.0052612373,0.008076941,0.15993881,0.22816363,0.0027792128,0.049294166,0.5239681,0.003884785
img_on.jpg,0.013587693,0.010515147,0.007457963,0.95701295,0.0005461568,0.00032733756,0.0016128345,0.0018360397,0.00050948065,0.0065943175
img_on.jpg,0.010106228,0.027844682,0.15016112,0.010399103,0.015289629,0.5692411,0.011246273,0.18254343,0.020826204,0.0023421347
img_on.jpg,0.044043016,0.33575523,0.110595085,0.019159272,0.020358462,0.029447716,0.029248778,0.3991416,0.0021561766,0.010094629
img_on.jpg,0.004307634,0.0013898318,0.014433186,0.015902553,0.0062525705,0.8192446,0.0036467235,0.07425577,0.060087435,0.0004796452
img_on.jpg,0.0022740157,0.0005558051,0.0005175236,0.0037157708,0.008128891,0.71673685,0.0010113949,0.11665195,0.14977042,0.0006374084
img_on.jpg,0.0775643,0.077034466,0.5187721,0.029009225,0.025991058,0.09657692,0.014991125,0.099314846,0.03354699,0.027198972
img_on.jpg,0.0027259062,0.0002545205,0.0008016706,0.0041251457,0.012113191,0.6594209,0.0012239129,0.21965562,0.09892106,0.00075804803
img_on.jpg,0.02331414,0.01467766,0.15816666,0.0050456217,0.019341014,0.3825181,0.11018173,0.02083526,0.233017,0.032902848
img_on.jpg,0.0017839,0.00043541638,0.0017165606,0.0015645344,0.0054606446,0.7526252,0.00068299467,0.022841036,0.2126931,0.00019669149
img_on.jpg,0.0045284433,0.0018659986,0.008119903,0.018458595,0.011510318,0.74868006,0.003760299,0.116167225,0.08633698,0.00057209085
img_on.jpg,0.0017867736,0.00042178654,0.0021536956,0.0017482941,0.0063031395,0.74378043,0.0007647659,0.023209115,0.21956721,0.0002648395
img_on.jpg,0.05668471,0.00073430775,0.007670516,0.03768273,0.011042222,0.11771878,0.48319587,0.08408451,0.0068987454,0.19428761
img_on.jpg,0.026789222,0.031265408,0.050812375,0.030442411,0.019696543,0.63234097,0.023038488,0.1670231,0.014770038,0.0038214093
img_on.jpg,0.005118849,0.00040011478,0.012208883,0.008369923,0.01231619,0.673051,0.0044264914,0.22727011,0.056024395,0.00081401126
img_on.jpg,0.04913099,0.0038959216,0.019328915,0.02472374,0.01436913,0.16113617,0.4866476,0.07631946,0.025275474,0.13917254
img_on.jpg,0.11956958,0.047032956,0.5488301,0.027031913,0.020591002,0.08536257,0.03026659,0.05786885,0.03117248,0.032274004
img_on.jpg,0.06931036,0.07861965,0.46115404,0.030740302,0.03233717,0.12336483,0.013790315,0.12587275,0.036521725,0.028288914
img_on.jpg,0.0019478503,0.00045208915,0.0015240987,0.0013864748,0.0074672294,0.70716316,0.00055926427,0.025446724,0.25386074,0.00019241411
img_on.jpg,0.07753112,0.0009171328,0.00838233,0.03567385,0.007343944,0.055132214,0.5763605,0.03986719,0.0036019185,0.19518977
img_on.jpg,0.00581812,0.0023074984,0.016572457,0.017516669,0.008089845,0.78471255,0.0033715337,0.10703759,0.05390006,0.0006736476
img_on.jpg,0.02260639,0.017864032,0.8073362,0.08310056,0.017980834,0.0102586625,0.0016246908,0.015942788,0.008236282,0.015049519
img_on.jpg,0.005276545,0.0067204614,0.00964424,0.014902414,0.20110391,0.2340262,0.0004958345,0.02694059,0.4999267,0.00096308585
img_on.jpg,0.48326066,0.15373386,0.009868128,0.023207817,0.013878842,0.013626661,0.17354189,0.09980008,0.006987046,0.022094833
img_on.jpg,0.010598764,0.032206114,0.33108893,0.0054557514,0.015042346,0.25323677,0.016979774,0.324611,0.009032238,0.0017482737
img_on.jpg,0.0046015386,0.0016678555,0.013418401,0.01497598,0.0077062594,0.80103695,0.0040965746,0.07886585,0.07305425,0.00057632755
img_on.jpg,0.021840578,0.016641377,0.015339462,0.014517378,0.33998802,0.13548788,0.0038426542,0.114802234,0.32912987,0.008410416
img_on.jpg,0.010853888,0.0137622,0.21550262,0.010321079,0.03502273,0.55071723,0.008362886,0.056898255,0.09359579,0.00496329
img_on.jpg,0.009794429,0.01760533,0.23772046,0.013250125,0.027949363,0.54074275,0.008542104,0.085426986,0.054636013,0.004332463
img_on.jpg,0.0018895892,0.00046376535,0.0013723365,0.0018092284,0.008674658,0.709312,0.0007498518,0.039095618,0.23628315,0.00034960188
img_on.jpg,0.0019877166,0.0008212454,0.0019376135,0.0023390667,0.007134815,0.68335354,0.0011603832,0.04703976,0.25371897,0.00050689303
img_on.jpg,0.0014858027,0.00025611743,0.0011814391,0.0018371384,0.006758129,0.7451844,0.00063411624,0.03736532,0.20497693,0.00032058064
img_on.jpg,0.09184725,0.071973234,0.25484753,0.06652417,0.04585251,0.1456544,0.023655485,0.21653241,0.03125159,0.05186129
img_on.jpg,0.0036353418,0.001717111,0.07708487,0.0033514367,0.0037192542,0.80682135,0.003013803,0.007229252,0.093092225,0.00033524164
img_on.jpg,0.0010755089,0.00053075195,0.0010623991,0.0009486446,0.006345176,0.5636441,0.00058007735,0.029025784,0.3965707,0.00021680786
img_on.jpg,0.00990315,0.0047349073,0.003223872,0.008653807,0.1333334,0.26981604,0.0017920199,0.045590892,0.5200385,0.00291333
img_on.jpg,0.0049072546,0.0004987257,0.04360988,0.0012759507,0.019361127,0.7387349,0.0026775778,0.059491888,0.1284572,0.0009855453
img_on.jpg,0.0009982996,0.00045541517,0.00069550023,0.0015440017,0.005824777,0.58940953,0.00066227326,0.03471734,0.36540404,0.0002887256
img_on.jpg,0.01791933,0.032417264,0.19244322,0.0046397373,0.1235679,0.15838376,0.0127027305,0.053336594,0.39694825,0.0076412125
img_on.jpg,0.06820992,0.0016372736,0.062671065,0.022214267,0.015697256,0.18061201,0.13519062,0.4917992,0.0062670168,0.01570129
img_on.jpg,0.020016558,0.02866461,0.05787963,0.016988723,0.020661328,0.6004349,0.016383111,0.21491031,0.020001477,0.0040593725
img_on.jpg,0.0029970596,0.0018445032,0.0013698102,0.0047384677,0.010943531,0.6235172,0.0019474666,0.123229854,0.22843686,0.0009752161
img_on.jpg,0.0015340137,0.00047938453,0.0020330676,0.0024983047,0.0048169447,0.7649852,0.0008515539,0.035165355,0.1873173,0.00031872527
img_on.jpg,0.001926082,0.00047268643,0.0016543147,0.0024536394,0.008166343,0.7028645,0.0010163784,0.054168385,0.22668402,0.0005937513
img_on.jpg,0.21319123,0.014319582,0.011015319,0.0075203897,0.1511319,0.06518396,0.044676293,0.43378276,0.012836241,0.046342373
img_on.jpg,0.012403005,0.019198442,0.5442525,0.011173139,0.026026662,0.25060004,0.0066166865,0.11484455,0.012161311,0.0027235744
img_on.jpg,0.24095568,0.18785203,0.08477969,0.076384954,0.016771503,0.083869524,0.07746452,0.16373706,0.017256616,0.050928477
img_on.jpg,0.115678966,0.10702558,0.052334655,0.049612865,0.039547667,0.27437922,0.111370005,0.13078178,0.048471756,0.07079752
img_on.jpg,0.18205129,0.07455576,0.04040834,0.14012304,0.067206085,0.11275283,0.04313626,0.20758529,0.019314937,0.11286623
img_on.jpg,0.0019679253,0.0010055825,0.02606299,0.0019758067,0.0020569852,0.8459896,0.0018727689,0.006350052,0.1125725,0.00014586335
img_on.jpg,0.042265598,0.060087632,0.31662467,0.01583854,0.04410889,0.2564013,0.015667811,0.16923349,0.059016064,0.020755857
img_on.jpg,0.0024132803,0.0008468632,0.062956505,0.0025464573,0.0023807378,0.84597653,0.0018600357,0.0049772626,0.075870655,0.00017175724
img_on.jpg,0.008572284,0.001830943,0.026455512,0.0025433623,0.06521627,0.5727777,0.003825173,0.04967913,0.26324427,0.0058552893
img_on.jpg,0.014227889,0.040593125,0.09067504,0.027055562,0.22925201,0.27295762,0.012409436,0.09561468,0.19467911,0.02253552
img_on.jpg,0.00271287,0.004997873,0.23309407,0.0032794173,0.01659908,0.56607324,0.004369784,0.07468906,0.09212023,0.0020643417
img_on.jpg,0.0010406057,0.0005937536,0.0008897568,0.00068129745,0.008457422,0.4625417,0.00047236783,0.029048951,0.49607274,0.00020129119
img_on.jpg,0.011266202,0.015749533,0.085132584,0.010484314,0.014949183,0.7106379,0.012969106,0.09200615,0.043655436,0.0031494873
img_on.jpg,0.02545458,0.03946218,0.045349263,0.015650162,0.04334773,0.46330714,0.021238718,0.31465143,0.025103945,0.0064348304
img_on.jpg,0.00199762,0.00095314434,0.0012332264,0.0030730017,0.0066615567,0.664429,0.0010693953,0.053436708,0.26667392,0.00047246474
img_on.jpg,0.004161969,0.0019976678,0.054607265,0.0034166975,0.0044820546,0.80381507,0.002702463,0.00824095,0.116277635,0.00029818306
img_on.jpg,0.0038015752,0.0016193786,0.12838385,0.0050149676,0.0042937035,0.76163447,0.0031821716,0.00678395,0.08486283,0.0004230929
img_on.jpg,0.023037817,0.05247999,0.0323621,0.015709216,0.015994072,0.50024825,0.16138923,0.07447404,0.10704951,0.017255774
img_on.jpg,0.013394445,0.038784135,0.07662806,0.024251686,0.2576287,0.24840091,0.0125807,0.11589829,0.189581,0.022852076
img_on.jpg,0.07129211,0.07840515,0.39522108,0.030011272,0.031531572,0.15821011,0.015656233,0.15459502,0.03777338,0.02730413
img_on.jpg,0.0078103277,0.008763682,0.44370663,0.009712506,0.02622298,0.3970713,0.004853068,0.06891582,0.03010538,0.0028382791
img_on.jpg,0.08074098,0.059051234,0.45359316,0.061950974,0.035469905,0.09371925,0.017212465,0.13729389,0.02351086,0.03745727
img_on.jpg,0.0071598827,0.004604181,0.0037628238,0.0069411686,0.14864565,0.23597011,0.001342252,0.03703946,0.55232656,0.0022078264
img_on.jpg,0.0061159027,0.010350048,0.016048681,0.003672428,0.70484936,0.03185652,0.0032771379,0.11014254,0.09911103,0.0145764
img_on.jpg,0.014197429,0.03106042,0.8550665,0.012381925,0.02117001,0.015687345,0.003406543,0.03838272,0.004017092,0.004630133
img_on.jpg,0.051802497,0.007095538,0.8903925,0.0034847977,0.006721221,0.0061315387,0.0052697835,0.013370185,0.0025609916,0.013170899
img_on.jpg,0.13170666,0.070729,0.08717435,0.088594936,0.054498978,0.18238486,0.03311548,0.25020045,0.029695453,0.07189985
img_on.jpg,0.012723219,0.007399038,0.0031738004,0.13056809,0.07458994,0.07079835,0.004930284,0.6594719,0.033342168,0.0030031463
img_on.jpg,0.004511587,0.00590479,0.0083797425,0.010263655,0.2142574,0.21929349,0.00050464744,0.020160398,0.51557314,0.0011511004
img_on.jpg,0.061827566,0.061264258,0.5693985,0.09546535,0.02800452,0.0446545,0.009653252,0.08056093,0.018178128,0.030992894
img_on.jpg,0.002711644,0.00024032345,0.00078464573,0.003997484,0.01220847,0.64809877,0.0012390697,0.23158185,0.098383784,0.00075391965
img_on.jpg,0.036332887,0.002329519,0.008949914,0.02702843,0.022591062,0.25715223,0.30914772,0.105435774,0.033942774,0.19708969
img_on.jpg,0.015084313,0.05468736,0.1118145,0.021673938,0.4150553,0.12269189,0.011841733,0.11448418,0.11009313,0.022573596
img_on.jpg,0.0058060936,0.006038024,0.021044523,0.0020788484,0.10236131,0.2023541,0.0039396766,0.019641906,0.63099515,0.00574044
img_on.jpg,0.016241949,0.0061412374,0.8488691,0.0009738984,0.0052792695,0.07151706,0.010132216,0.019223385,0.01715479,0.00446704
img_on.jpg,0.002500665,0.0015625997,0.05137367,0.006477219,0.0037416671,0.7805503,0.0045101945,0.010614242,0.13830818,0.00036119533
img_on.jpg,0.0020182694,0.0005759892,0.0016363095,0.0016130094,0.0070188255,0.7083759,0.000620337,0.02731234,0.25061816,0.00021081965
img_on.jpg,0.0017092158,0.0003780717,0.0013822247,0.0014793454,0.005654089,0.7409302,0.00057868665,0.023671448,0.22403918,0.00017748379
img_on.jpg,0.0037499678,0.0010266919,0.0033415784,0.002147959,0.023232875,0.54756796,0.0008277544,0.030694878,0.3868337,0.00057660067
img_on.jpg,0.012929623,0.003663317,0.011077577,0.0057030916,0.07474878,0.50123924,0.025971172,0.11102824,0.20092589,0.05271299
img_on.jpg,0.21547647,0.067532614,0.06739419,0.018751247,0.010887966,0.039388288,0.50491637,0.037910555,0.00718358,0.030558726
img_on.jpg,0.0016068089,0.00031494012,0.0014822946,0.0012805389,0.005530511,0.7422366,0.00057386264,0.02084062,0.2259682,0.00016562398
img_on.jpg,0.0017978469,0.0008641837,0.0013809834,0.0038372558,0.006177147,0.69680816,0.0013017941,0.0726353,0.21467245,0.0005248447
img_on.jpg,0.110548705,0.11940303,0.027433235,0.06765623,0.12349859,0.13752043,0.10497373,0.07183992,0.036893986,0.20023221
img_on.jpg,0.004448822,0.00045007627,0.021604506,0.001179603,0.025167199,0.6826326,0.002342905,0.044586696,0.21592623,0.0016613485
img_on.jpg,0.017812297,0.06949206,0.037543725,0.012877963,0.017458685,0.5472449,0.055723995,0.16465668,0.06799749,0.009192169
img_on.jpg,0.16234942,0.024239589,0.10511003,0.015739683,0.45346546,0.043723386,0.08179097,0.05805542,0.007944356,0.047581702
img_on.jpg,0.13417275,0.03654809,0.6361696,0.017975718,0.011798486,0.045900315,0.030392276,0.0370256,0.022481693,0.027535493
img_on.jpg,0.15425016,0.034375034,0.020343704,0.032040216,0.01985048,0.0337514,0.5119118,0.057302978,0.0128235435,0.123350635
img_on.jpg,0.0060023847,0.0046105655,0.0038125254,0.079285584,0.13506918,0.3095523,0.0024937987,0.23948637,0.21805885,0.0016284856
img_on.jpg,0.01547391,0.006841362,0.002688404,0.00966012,0.12120558,0.24863732,0.0033337523,0.03245785,0.5546098,0.0050918027
img_on.jpg,0.0034517006,0.0020617207,0.009009555,0.0030785126,0.0051694885,0.8002184,0.0018592234,0.019550012,0.15527594,0.00032551176
img_on.jpg,0.008491582,0.0038917866,0.029896991,0.0022733465,0.08069702,0.3721165,0.0043740924,0.030018179,0.46203285,0.0062075322
img_on.jpg,0.013931447,0.01961028,0.06405576,0.012780236,0.013991455,0.7079398,0.015364588,0.12092192,0.028284285,0.003120248
img_on.jpg,0.008963451,0.0054757884,0.032270517,0.0026556135,0.06972386,0.4245197,0.004242574,0.041876968,0.40454802,0.0057234266
img_on.jpg,0.071631595,0.08742049,0.19557752,0.024904946,0.031031528,0.24673998,0.042591702,0.2150401,0.04985289,0.035209015
img_on.jpg,0.032282185,0.14546229,0.034349006,0.01564617,0.0124745,0.3694957,0.092914745,0.25962055,0.031093396,0.006661352
img_on.jpg,0.0098949345,0.0048268368,0.026522923,0.005150794,0.05777586,0.59715366,0.004314628,0.085612044,0.20346962,0.0052787024
img_on.jpg,0.070431314,0.07199681,0.2803498,0.027686214,0.034028605,0.2385191,0.019480504,0.18751737,0.042272765,0.027717657
img_on.jpg,0.022151034,0.036371928,0.06426543,0.023120748,0.024504656,0.5542015,0.019001793,0.23486507,0.017440801,0.0040770364
img_on.jpg,0.07575833,0.11993529,0.014595741,0.015247103,0.004552172,0.009653206,0.040214367,0.7136744,0.0007166299,0.005652692
img_on.jpg,0.009899731,0.009854707,0.4541533,0.009620557,0.027463963,0.3808115,0.0050954293,0.07477514,0.02560868,0.0027171024
img_on.jpg,0.06384249,0.0018914316,0.013357425,0.033285603,0.0096085295,0.0773772,0.58192205,0.04369419,0.0074300775,0.16759089
img_on.jpg,0.16100444,0.016878868,0.0053307973,0.09853535,0.0652351,0.08846427,0.027545325,0.49099797,0.038308155,0.0076997327
img_on.jpg,0.081626505,0.087364994,0.1462713,0.01657823,0.015484044,0.33336374,0.08093868,0.1481394,0.05733939,0.03289369
img_on.jpg,0.0018260351,0.0010823967,0.0132537475,0.002784849,0.002880512,0.76336783,0.00244058,0.011029428,0.20109296,0.00024169369
img_on.jpg,0.004995407,0.0036092156,0.001964164,0.008953906,0.18185663,0.19732912,0.00051084737,0.020186186,0.57906276,0.0015317347
img_on.jpg,0.061480124,0.025858045,0.0065840925,0.007534437,0.0029513666,0.010016968,0.021821998,0.86018574,0.00045440698,0.0031129715
img_on.jpg,0.004231556,0.0030426246,0.97343796,0.00024835666,0.008498184,0.0010474693,0.0010907338,0.002183777,0.0029000454,0.003319255
img_on.jpg,0.23860852,0.054748956,0.07769735,0.016728481,0.011135011,0.030580258,0.5009125,0.038436685,0.0057982565,0.025353938
img_on.jpg,0.0010840266,0.0004881687,0.0010052917,0.0009032435,0.0066266637,0.56694,0.0005215579,0.027823677,0.39441037,0.00019695623
img_on.jpg,0.0052905437,0.0028933554,0.00068744586,0.0076820534,0.11105556,0.21744949,0.00059101696,0.015283605,0.6376814,0.001385465
img_on.jpg,0.20019995,0.05908915,0.086009905,0.036635835,0.09695056,0.01579119,0.42033708,0.018860253,0.0028810105,0.063245006
img_on.jpg,0.07067779,0.009164402,0.84503967,0.0038837288,0.009006447,0.008534126,0.014937296,0.018861063,0.0037957707,0.016099572
img_on.jpg,0.0031139008,0.00048379516,0.0014717332,0.004814283,0.014053406,0.60228723,0.0019495513,0.27581215,0.094951406,0.0010625841
img_on.jpg,0.012549068,6.186475e-05,0.0037998466,0.009390157,0.0180355,0.5421695,0.02866656,0.3409917,0.023322769,0.021012994
img_on.jpg,0.0021299813,0.0015675586,0.022641102,0.0039262436,0.004914298,0.7109953,0.0035152405,0.011357474,0.2385701,0.00038275585
img_on.jpg,0.02561758,0.026065893,0.07917237,0.008244662,0.027464185,0.32609397,0.15591098,0.02536977,0.26771083,0.05834971
img_on.jpg,0.0012776438,0.0031334804,0.003965382,0.0038626934,0.09747442,0.12787296,0.00012833106,0.0047939736,0.7571599,0.0003311863
img_on.jpg,0.039154857,0.03142675,0.7431672,0.009275187,0.016707871,0.059560962,0.007297497,0.059650842,0.020031793,0.01372697
img_on.jpg,0.06234909,0.0013196771,0.010129692,0.037947103,0.010445864,0.09899518,0.52861696,0.056884006,0.007358645,0.18595381
img_on.jpg,0.0050432812,0.00022392895,0.008889369,0.008252115,0.013647599,0.6823517,0.004207958,0.2166203,0.059677355,0.0010864707
img_on.jpg,0.0060447007,0.006565069,0.006464791,0.012533081,0.2503874,0.19048402,0.00066802517,0.029461319,0.4955149,0.0018767891
img_on.jpg,0.00811445,0.0067997365,0.5456137,0.0082810735,0.029288264,0.3133571,0.003609443,0.05836821,0.023951199,0.002616725
img_on.jpg,0.0067783976,0.0020746256,0.40690425,0.003929189,0.019608773,0.40160736,0.003392819,0.12816922,0.026978845,0.0005565374
img_on.jpg,0.0017881516,0.00039882294,0.0014706871,0.001402336,0.0063509513,0.7274586,0.00056835276,0.023453219,0.23693024,0.00017859376
img_on.jpg,0.0029635162,0.0021074999,0.018281613,0.0056380904,0.008084761,0.6866393,0.00495688,0.025095068,0.24554604,0.0006872908
img_on.jpg,0.13542607,0.063214995,0.064583145,0.08513954,0.061783116,0.21825261,0.035018936,0.23131898,0.031448446,0.073814146
img_on.jpg,0.046061162,0.085777625,0.04701833,0.0110461265,0.006200577,0.012991913,0.020698944,0.7645666,0.0011335367,0.0045052376
img_on.jpg,0.17348413,0.07718266,0.05625724,0.019261051,0.008176173,0.041815042,0.5513778,0.032399263,0.0075513828,0.03249536
img_on.jpg,0.016919935,0.022540303,0.068970285,0.017924976,0.016037058,0.6736872,0.015510551,0.14221573,0.022889717,0.0033042422
img_on.jpg,0.0008232196,0.00063909066,0.0009555828,0.00036998963,0.007665944,0.2817502,0.00045355086,0.01477911,0.6924213,0.00014190201
img_on.jpg,0.001546667,0.00028656173,0.0014142365,0.0010904392,0.0058553526,0.72580993,0.00051110785,0.020754619,0.24258123,0.00014992431
img_on.jpg,0.0511662,0.4563832,0.0558766,0.022156956,0.008419675,0.0155302705,0.07338719,0.30602878,0.0020772424,0.008973983
img_on.jpg,0.0014874864,0.000252885,0.0014854629,0.0009337638,0.006189178,0.710916,0.00047391024,0.021298261,0.2568142,0.00014880626
img_on.jpg,0.0075990753,0.0012693149,0.037369873,0.001788184,0.044751845,0.6255842,0.0034239977,0.04655599,0.2277831,0.0038743808
img_on.jpg,0.0019992508,0.00054859486,0.00163537,0.0015171195,0.006947986,0.7079802,0.0006013844,0.026976544,0.25159213,0.00020138668
img_on.jpg,0.0715749,0.11607743,0.01944671,0.014384381,0.0043236283,0.007960709,0.03290298,0.72694844,0.0006232693,0.005757552
img_on.jpg,0.051457852,0.062776305,0.055448018,0.028359566,0.04884678,0.39322457,0.023703722,0.2435208,0.051195014,0.04146742
img_on.jpg,0.0009836581,0.000422024,0.0006836195,0.00144242,0.006065664,0.58610004,0.00062443473,0.033566043,0.36983484,0.00027725167
img_on.jpg,0.007214873,0.0017793897,0.04438461,0.0021891468,0.02853592,0.69376785,0.0032929447,0.08111743,0.13582812,0.0018897081
img_on.jpg,0.012250817,0.02279218,0.1061181,0.0113716945,0.04093795,0.56361675,0.0044574104,0.17972717,0.05297672,0.005751229
img_on.jpg,0.14535126,0.08332863,0.39265344,0.033145905,0.01970143,0.104825675,0.03162174,0.12969688,0.027028348,0.03264663
img_on.jpg,0.0037470132,0.002872198,0.0020201346,0.0051754243,0.09554596,0.23295946,0.0005288564,0.016288925,0.63991547,0.0009466153
img_on.jpg,0.0019102287,0.0006594329,0.0015867661,0.0020640164,0.005727321,0.7379409,0.00080032274,0.027555995,0.22150709,0.00024786105
img_on.jpg,0.0026912866,0.0013698185,0.02162024,0.0032678077,0.0029670277,0.8398417,0.0023746297,0.0093314005,0.116295606,0.00024048756
img_on.jpg,0.0019233,0.0013662172,0.02685877,0.0035071857,0.0033951676,0.7619,0.0030662403,0.008858468,0.18883494,0.00028975937
img_on.jpg,0.10068003,0.11417689,0.11954983,0.04498533,0.02865002,0.1976537,0.060469244,0.23910244,0.044091534,0.050640855
img_on.jpg,0.010543889,0.010511347,0.007849339,0.0932412,0.22334239,0.16814756,0.0021666216,0.2865428,0.19521675,0.0024380886
img_on.jpg,0.0049432926,0.00884036,0.6626392,0.004280924,0.0122340955,0.16588132,0.0038587223,0.1315552,0.0048391237,0.0009277721
img_on.jpg,0.0009916491,0.00038201374,0.0006341726,0.0016141416,0.005698041,0.607267,0.0006409734,0.034771033,0.3477144,0.0002865244
img_on.jpg,0.012060087,0.11634515,0.36514494,0.008357206,0.03821513,0.10598057,0.008341019,0.33353046,0.00836644,0.0036590623
img_on.jpg,0.3828578,0.010721329,0.0011604001,0.0032742033,0.0007605284,0.0014986978,0.57221526,0.0014284066,0.0015183219,0.024565099
img_on.jpg,0.5000538,0.028342057,0.002796527,0.012738949,0.0030963174,0.0062905927,0.42796454,0.0064992434,0.0023480651,0.00986987
img_on.jpg,0.6278524,0.18344091,0.033750422,0.010210068,0.002457404,0.0011969043,0.113516115,0.004772178,0.001086957,0.021716727
img_on.jpg,0.048925813,0.025483094,0.005323181,0.8695094,0.00053712074,0.00059684436,0.03118793,0.0032935913,0.00031546684,0.0148274945
img_on.jpg,0.16858622,0.11355166,0.003305372,0.011689307,0.0058410703,0.01642246,0.44869882,0.20574492,0.004651038,0.021509113
img_on.jpg,0.6291059,0.16257153,0.0068061566,0.010987807,0.0025096494,0.002009868,0.16594309,0.006573316,0.0012403829,0.012252315
img_on.jpg,0.25393668,0.2679307,0.0034456598,0.10152211,0.003519391,0.0037382795,0.21957591,0.13659292,0.0009419209,0.008796397
img_on.jpg,0.0887241,0.0041163275,0.009837789,0.007276907,8.804932e-05,0.00057696924,0.882038,0.0010797981,2.2529954e-05,0.0062395902
img_on.jpg,0.5516281,0.02849468,0.005084713,0.06726635,0.01167137,0.0047912686,0.29689437,0.00457236,0.0030464842,0.026550205
img_on.jpg,0.3533127,0.027884321,0.0045507667,0.0045585763,0.0032140664,0.003308851,0.5664015,0.007843584,0.00226927,0.026656507
img_on.jpg,0.33799514,0.19228429,0.0023657442,0.05679856,0.0022523887,0.0033349346,0.34988302,0.045913313,0.00071988127,0.008452766
img_on.jpg,0.0396116,0.071506135,0.0061255894,0.8450932,0.0006452462,0.0009085234,0.018150263,0.006510028,0.0008495581,0.010599873
img_on.jpg,0.35998392,0.18219824,0.0026930145,0.051109046,0.0023080818,0.0037964738,0.31639275,0.07132568,0.0008510586,0.009341725
img_on.jpg,0.082332,0.020678908,0.011053543,0.65595055,0.0006421358,0.0004586403,0.19392534,0.0029119845,0.00012662384,0.031920236
img_on.jpg,0.33393234,0.030174829,0.003859227,0.0055120653,0.0023450272,0.005030144,0.57148385,0.008411359,0.0046943347,0.034556743
img_on.jpg,0.09984886,0.08703066,0.022490129,0.69180113,0.00067791564,0.0009778738,0.06589658,0.010607414,0.00059002114,0.020079393
img_on.jpg,0.03242459,0.027189277,0.006272862,0.8877644,0.00071193965,0.00064658024,0.025190735,0.0026131468,0.00044913377,0.016737342
img_on.jpg,0.13771172,0.23766646,0.007611713,0.14478242,0.027709188,0.0034664765,0.3041326,0.0058826627,0.0022902638,0.12874648
img_on.jpg,0.44937283,0.055097256,0.14564945,0.075208835,0.0016303214,0.007555044,0.20071638,0.03641868,0.003955801,0.024395358
img_on.jpg,0.20479104,0.08174558,0.02372472,0.10750392,0.0005487816,0.0063061668,0.52728903,0.02874876,0.0005193872,0.018822603
img_on.jpg,0.5018347,0.046172038,0.019294783,0.024976213,0.0016809107,0.02098869,0.3221669,0.026557043,0.00085889286,0.035469864
img_on.jpg,0.488433,0.2751136,0.0068303794,0.04843051,0.0058251414,0.00507827,0.13414228,0.02204327,0.0022369472,0.011866472
img_on.jpg,0.3191955,0.07831194,0.0023613283,0.017570514,0.0041529923,0.013589022,0.44675943,0.1018302,0.0020765506,0.014152441
img_on.jpg,0.19568264,0.0516889,0.0028090333,0.006648846,0.006264356,0.00873878,0.6435825,0.022897406,0.008868244,0.0528192
img_on.jpg,0.46250808,0.08082654,0.005584134,0.008159756,0.002407859,0.0062891883,0.35464367,0.06522132,0.0017068856,0.01265256
img_on.jpg,0.052144933,0.00828083,0.020006284,0.0048876028,0.00012252023,0.0010140985,0.90552783,0.0014875686,5.5061384e-05,0.006473265
img_on.jpg,0.5705504,0.009530762,0.0013992803,0.004629943,0.0024360341,0.0050639827,0.38412035,0.0028543777,0.0032651315,0.016149744
img_on.jpg,0.47717333,0.27204326,0.0020823963,0.07085133,0.0035622222,0.0033410694,0.14096737,0.023173662,0.00078150653,0.0060237576
img_on.jpg,0.76804477,0.094086476,0.0073812986,0.0056936303,0.0010759404,0.00091878,0.10898042,0.0028454538,0.00048888125,0.010484475
img_on.jpg,0.37048224,0.11694863,0.0020468456,0.027598202,0.0011602436,0.0027656672,0.4473038,0.022077113,0.0008083046,0.008808833
img_on.jpg,0.025091711,0.026840676,0.06041263,0.01153387,0.020034352,0.5196055,0.0673497,0.04626342,0.19165783,0.031210326
img_on.jpg,0.117832474,0.122358575,0.19244651,0.04003264,0.01955074,0.17143586,0.07297358,0.16798326,0.04635427,0.049032096
img_on.jpg,0.6233634,0.1929301,0.035208434,0.009074369,0.0023977957,0.00082801416,0.108394936,0.0031831241,0.000962208,0.023657711
img_on.jpg,0.11428108,0.015824998,0.002044879,0.009272337,0.00211073,0.032182857,0.7742342,0.008290855,0.003651128,0.038106978
img_on.jpg,0.37504756,0.18256328,0.0023012504,0.041580684,0.0017959232,0.0030711207,0.34985983,0.034455035,0.0006989835,0.008626256
img_on.jpg,0.5010199,0.023481702,0.002294695,0.013912708,0.0054841517,0.011427583,0.4079368,0.013984534,0.00447777,0.015980154
img_on.jpg,0.108208776,0.064628646,0.0027580645,0.01561785,0.0080244355,0.03510143,0.6617916,0.06659434,0.009901497,0.027373347
img_on.jpg,0.46432135,0.0046904697,0.0059251236,0.010100529,0.0010333816,0.0025108575,0.43131042,0.0051370035,0.00022202659,0.07474895
img_on.jpg,0.43421337,0.07649894,0.007379635,0.011548943,0.023874301,0.0054788934,0.3543024,0.010408432,0.0037005849,0.07259448
img_on.jpg,0.4097782,0.013211655,0.00205836,0.0053352546,0.0014147132,0.0030489138,0.49184102,0.0018623172,0.0039235465,0.06752596
img_on.jpg,0.037608616,0.0032830595,0.00834788,0.0031034688,3.929212e-05,0.0006279276,0.9407344,0.00060564815,1.5276857e-05,0.005634346
img_on.jpg,0.41141763,0.038861386,0.0025798264,0.004431781,0.0022476874,0.004568586,0.4994056,0.016233502,0.002889012,0.017364899
img_on.jpg,0.6999266,0.03726804,0.0041684937,0.0038024238,0.0002647399,0.00039407233,0.23519985,0.000617653,0.00024221028,0.018115973
img_on.jpg,0.28891006,0.10002133,0.37209556,0.009932526,0.0097653875,0.0037809778,0.14507136,0.0077758734,0.005439898,0.057207
img_on.jpg,0.5801968,0.16162862,0.041894596,0.008342923,0.0018652788,0.0010062827,0.17339253,0.003658041,0.0010642983,0.026950654
img_on.jpg,0.72440666,0.11330158,0.0023251518,0.009617346,0.0014322209,0.0014370162,0.12390595,0.01684816,0.000388757,0.006337076
img_on.jpg,0.05258053,0.004660475,0.00027829656,0.004730135,0.0003868649,0.0043533533,0.88233674,0.0011853005,0.0015662374,0.047922168
img_on.jpg,0.45354515,0.13776287,0.0024032164,0.027263876,0.0012977852,0.002811132,0.33434978,0.032220393,0.0006729213,0.0076728826
img_on.jpg,0.5335026,0.21912391,0.0030229934,0.024824955,0.0021597429,0.0028000693,0.18944879,0.016062012,0.00086509914,0.008189841
img_on.jpg,0.010752448,0.011586764,0.018963024,0.94801474,0.00075631385,0.0005064038,0.0009476093,0.002165986,0.0009351952,0.0053714653
img_on.jpg,0.13906895,0.075114675,0.00383295,0.029461488,0.010895599,0.035195876,0.47694397,0.12995376,0.016539244,0.08299351
img_on.jpg,0.043944485,0.005834052,0.0007205439,0.007635301,0.0007159587,0.013965731,0.8662994,0.0021379755,0.0033416213,0.05540484
img_on.jpg,0.3798448,0.12139891,0.0021413458,0.03041527,0.0012650319,0.0029286833,0.4260029,0.026661834,0.0008274083,0.008513785
img_on.jpg,0.3241907,0.077759914,0.0110189505,0.022015005,0.015887044,0.026087824,0.085036635,0.4227421,0.002010487,0.013251253
img_on.jpg,0.5411218,0.049305223,0.0024768643,0.011096667,0.007411495,0.004055386,0.26188278,0.010755591,0.0037336724,0.10816056
img_on.jpg,0.07636897,0.026309082,0.008123735,0.72247106,0.00082338793,0.0005217623,0.13059956,0.003186304,0.00021357903,0.03138248
img_on.jpg,0.5505413,0.0061068693,0.0008423321,0.003782541,0.0011329436,0.0029102294,0.4242611,0.002088362,0.0014536866,0.006880608
img_on.jpg,0.33550543,0.10966279,0.0020870478,0.025222868,0.0016555866,0.0030990222,0.4232292,0.069605246,0.0010554364,0.028877415
img_on.jpg,0.10797043,0.048194345,0.0013729219,0.010337388,0.0032113357,0.015352567,0.75154513,0.026821084,0.0039905086,0.031204429
img_on.jpg,0.20263049,0.03921983,0.01782026,0.08152643,0.0002412439,0.0036557456,0.6261185,0.01636057,0.0002942841,0.012132722
img_on.jpg,0.1965017,0.08997344,0.017739821,0.12862279,0.000565917,0.0050859214,0.51511043,0.02479368,0.0004773709,0.021128852
img_on.jpg,0.10861907,0.04564357,0.010132228,0.6040334,0.005828626,0.005975661,0.13731115,0.011400567,0.0017008589,0.06935487
img_on.jpg,0.7824694,0.07302229,0.0010910747,0.007366901,0.0002235353,0.00047737831,0.12351559,0.008315731,5.4534437e-05,0.0034636224
img_on.jpg,0.07751821,0.005789283,0.010755451,0.007113413,9.7058444e-05,0.0006767367,0.8902381,0.0012251816,2.3034656e-05,0.0065635745
img_on.jpg,0.07791144,0.12046666,0.017378397,0.65751773,0.0017315876,0.0026932626,0.080409124,0.013755323,0.0012266529,0.02690978
img_on.jpg,0.5643458,0.029192377,0.0139998775,0.026208198,0.0016497208,0.0153466975,0.28583586,0.020419901,0.0006734302,0.042328063
img_on.jpg,0.10047446,0.058896743,0.0074156043,0.63269204,0.0024006437,0.0033297564,0.14591168,0.009113302,0.0010573103,0.038708415
img_on.jpg,0.19801807,0.006067386,0.0018877828,0.0051513445,0.0009028936,0.0019539539,0.5705095,0.0006386494,0.0028549682,0.21201536
img_on.jpg,0.053621784,0.0058496487,0.01112622,0.005696551,8.5483756e-05,0.00063019415,0.9160012,0.0010642081,2.4903018e-05,0.0058998223
img_on.jpg,0.05564268,0.022988807,0.006216119,0.7854603,0.0014432236,0.00067870074,0.08595589,0.002285412,0.00037323878,0.03895561
img_on.jpg,0.011186975,0.024717795,0.013506988,0.9298058,0.0012399728,0.0008449926,0.0027416951,0.0034090895,0.0013997161,0.011147055
img_on.jpg,0.46097982,0.017141014,0.0012934745,0.005590451,0.00663928,0.0042983494,0.4376109,0.010074029,0.002213521,0.054159116
img_on.jpg,0.03171042,0.11753701,0.015180639,0.047474436,0.038271423,0.012200533,0.51142126,0.006994047,0.004048817,0.21516134
img_on.jpg,0.065900736,0.08166467,0.00805705,0.789078,0.0006954155,0.0011262357,0.031011682,0.009148874,0.00077490095,0.01254228
img_on.jpg,0.66621137,0.018066006,0.00087260496,0.0053607244,0.0023948844,0.0036535356,0.27351978,0.01820813,0.0005892898,0.011123571
img_on.jpg,0.051371798,0.24725439,0.01035049,0.049612418,0.035798986,0.005232303,0.4561431,0.004812043,0.0011642297,0.1382602
img_on.jpg,0.7573548,0.074677125,0.003860863,0.005673672,0.0006227235,0.0009031409,0.14372782,0.0031448593,0.00035557945,0.009679498
img_on.jpg,0.159784,0.08920272,0.021312809,0.55509615,0.0007644617,0.0023235567,0.13213181,0.017161705,0.00067406334,0.021548733
img_on.jpg,0.04977413,0.004417126,0.009453297,0.0046593454,5.907947e-05,0.00054721266,0.92503977,0.00082656596,1.7501721e-05,0.005205915
img_on.jpg,0.23634751,0.11059662,0.017367424,0.11812377,0.00061583146,0.0071547236,0.4609074,0.031178555,0.00071522436,0.016992824
img_on.jpg,0.3532024,0.035535444,0.001020049,0.0071683126,0.0033912272,0.002623214,0.5372081,0.035795175,0.00077472354,0.023281438
img_on.jpg,0.13779601,0.08707668,0.0026786411,0.011662252,0.007239729,0.019846452,0.5864729,0.1123529,0.0071186125,0.027755817
img_on.jpg,0.1260494,0.02000019,0.023430126,0.37956414,0.00043493134,0.00031384898,0.41427615,0.0034974224,5.2022257e-05,0.032381672
img_on.jpg,0.093377255,0.048138313,0.006554602,0.69928396,0.0014365865,0.0026034391,0.110470764,0.008044319,0.0007671314,0.029323654
img_on.jpg,0.03222438,0.025893813,0.0041162865,0.9052515,0.00060520205,0.0005665267,0.015942352,0.0028227246,0.00042819142,0.012148901
img_on.jpg,0.75083685,0.080207616,0.00551282,0.0058209244,0.00088590255,0.0011746413,0.14066686,0.0034484072,0.0005443584,0.010901584
img_on.jpg,0.6278676,0.04171897,0.0102460105,0.0049745915,0.0007299409,0.00096245843,0.28371727,0.0019527031,0.00088979164,0.026940802
img_on.jpg,0.6044564,0.20670982,0.047785804,0.009613691,0.0034441825,0.001080247,0.09711123,0.0037991095,0.0013618277,0.024637649
img_on.jpg,0.055514783,0.007339734,0.014266164,0.0064209895,0.0001336322,0.0008680182,0.9073953,0.0013588213,4.84319e-05,0.0066539464
img_on.jpg,0.19254364,0.1680538,0.019640502,0.3902779,0.0014369794,0.007063014,0.15489766,0.040360577,0.0015134787,0.02421245
img_on.jpg,0.08921347,0.03533182,0.0057544843,0.76213455,0.00040949232,0.0008169584,0.08397185,0.006168193,0.00027000924,0.01592904
img_on.jpg,0.75131094,0.06352143,0.0019503855,0.0056833746,0.0002559601,0.0005397617,0.16619681,0.0042090258,0.00011963167,0.006212596
img_on.jpg,0.59636223,0.1995834,0.005520843,0.015203835,0.0023230873,0.002624438,0.1565612,0.009686678,0.0012847238,0.010849625
img_on.jpg,0.22114457,0.037897795,0.007625072,0.016962707,0.006850396,0.003985251,0.5558354,0.0041287136,0.004361525,0.14120851
img_on.jpg,0.5901729,0.008503577,0.00082834915,0.005094454,0.0010654198,0.0025474224,0.38198215,0.0016866684,0.0013502217,0.0067689177
img_on.jpg,0.3622354,0.0883152,0.0017541994,0.021080025,0.000772729,0.0018776911,0.50051093,0.015031417,0.00057207723,0.007850175
img_on.jpg,0.19737117,0.035416223,0.011834613,0.015883658,0.0021128508,0.0047809663,0.657183,0.0097610755,0.00053409877,0.06512229
img_on.jpg,0.11119088,0.0057842648,0.011871959,0.007355715,0.00011054575,0.000983278,0.85367274,0.0015275863,3.3086482e-05,0.007470016
img_on.jpg,0.14404638,0.12344811,0.020971082,0.6163772,0.0009290806,0.0021098729,0.05362734,0.019050144,0.0011882108,0.018252544
img_on.jpg,0.28385457,0.019826619,0.0020156363,0.006775395,0.0016027924,0.0047373665,0.57671595,0.0027767727,0.0052040885,0.09649071
img_on.jpg,0.033956714,0.00211689,0.007988175,0.02565193,0.024083337,0.27860293,0.28407764,0.11398453,0.03513836,0.19439943
img_on.jpg,0.06815553,0.0179692,0.0075494996,0.797047,0.0003984547,0.00043781078,0.08676482,0.0027454675,0.00015365065,0.01877846
img_on.jpg,0.675095,0.13469891,0.027060315,0.007600554,0.0015968132,0.00083330396,0.12881187,0.0027724756,0.00078027946,0.02075047
img_on.jpg,0.22499192,0.083888866,0.02907577,0.13941796,0.00053739996,0.0050162054,0.47212136,0.027197858,0.0005352783,0.017217154
img_on.jpg,0.14706425,0.07348265,0.007959771,0.019499604,0.00474227,0.022726834,0.5541432,0.030037355,0.019819805,0.120524146
img_on.jpg,0.61514133,0.20212147,0.003349352,0.03201071,0.0022361595,0.003377112,0.108345695,0.026182253,0.00092438585,0.006311506
img_on.jpg,0.2866766,0.14536424,0.023173593,0.20114991,0.00083032314,0.0067568654,0.281733,0.038097814,0.0011238467,0.015093802
img_on.jpg,0.33969504,0.082940094,0.005080908,0.008896571,0.004079491,0.008751902,0.453919,0.06279238,0.004984464,0.02886022
img_on.jpg,0.007838643,0.01387158,0.0015181641,0.96315175,0.00056915253,0.0003368326,0.003055341,0.0012606642,0.00057189964,0.007825911
img_on.jpg,0.61059123,0.12988164,0.037136998,0.010702177,0.002243529,0.0014319217,0.1707298,0.009033756,0.0011273602,0.027121605
img_on.jpg,0.093395725,0.03414994,0.0052929563,0.69222504,0.00091843633,0.0009369287,0.14136674,0.005065436,0.00032471606,0.026324224
img_on.jpg,0.26100117,0.2845257,0.0055934764,0.05366618,0.0024969657,0.0032182278,0.21518926,0.15051487,0.0007907581,0.023003498
img_on.jpg,0.7537605,0.08203688,0.002487768,0.0066143563,0.00042873764,0.00075699104,0.14141463,0.005531751,0.00018056839,0.006787922
img_on.jpg,0.5596924,0.028249227,0.0035335831,0.042660113,0.015012158,0.007009859,0.3015762,0.010501207,0.003929749,0.027835403
img_on.jpg,0.5136234,0.010358502,0.0011656027,0.004473644,0.0015665286,0.0026713093,0.4458441,0.0018742975,0.0021610963,0.016261509
img_on.jpg,0.025617069,0.12614726,0.040987097,0.01497034,0.011887195,0.42531607,0.06933767,0.2456863,0.034666855,0.0053841
img_on.jpg,0.005380906,0.000203871,0.01625039,0.009382883,0.012634688,0.6837347,0.0063269534,0.22627115,0.0388696,0.0009449086
img_the.jpg,0.032204755,0.0033114047,0.8570994,0.09337477,0.0016053687,0.00048271788,0.000552158,0.0036506534,0.00048840407,0.0072302176
img_the.jpg,0.00046188972,2.9323692e-05,0.9979792,0.00019083648,0.00087571226,0.00015187658,8.836248e-06,0.00017421554,2.7602415e-05,0.00010044826
img_the.jpg,0.00062754937,6.0475795e-05,0.99669904,0.0003957936,0.0014320008,0.00025315335,1.6057382e-05,0.0003015013,5.589364e-05,0.00015855217
img_the.jpg,0.0064312187,0.00023821995,0.9894073,0.00077072496,0.00083772256,0.00016881937,9.894025e-05,0.00043434848,0.00011659767,0.0014960747
img_the.jpg,0.01013168,2.0504925e-05,0.9884129,0.0002685258,0.0004658513,3.5977075e-05,0.00010299777,8.5406726e-05,2.9278597e-05,0.00044670253
img_the.jpg,0.042692356,0.0053350586,0.56516427,0.36880657,0.0014639769,0.00041766037,0.0012895098,0.003555463,0.0006917141,0.010583488
img_the.jpg,0.22290456,0.0008183531,0.73600525,0.019832445,0.0043944456,0.0002975104,0.0037154523,0.0007523106,0.00020685681,0.01107284
img_the.jpg,0.08058998,0.007121692,0.8785327,0.009696424,0.0006887798,0.00076503685,0.01279427,0.0029271662,0.00035345255,0.006530444
img_the.jpg,0.00041098354,1.1271505e-05,0.998693,0.0003501465,0.00031524606,7.4912365e-05,3.0385286e-06,9.781312e-05,8.939603e-06,3.4510744e-05
img_the.jpg,3.1218504e-05,4.0539496e-07,0.99993783,2.4748377e-07,2.064557e-05,1.6191036e-07,2.2709777e-07,2.0025616e-06,2.5803936e-07,6.9475986e-06
img_the.jpg,0.0070728255,0.00031399826,0.9902261,6.5005544e-05,0.00036595835,0.0003574671,0.0002908169,0.00040549674,0.0003814446,0.00052084815
img_the.jpg,0.045641497,0.00646565,0.4939121,0.43561515,0.0014474561,0.0004942245,0.0013751775,0.004038365,0.0006993875,0.010311119
img_the.jpg,0.0043102293,0.0054845763,0.32867938,0.008190013,0.007877055,0.4551253,0.0039870404,0.026185144,0.15950185,0.0006593189
img_the.jpg,0.0012081352,0.00020688142,0.99406224,0.00041987444,0.0019218789,0.0005384486,4.015099e-05,0.0012893837,6.424774e-05,0.00024876156
img_the.jpg,0.014184737,0.036333606,0.84032494,0.008705262,0.007196198,0.022045964,0.008770494,0.04317677,0.017048825,0.00221314
img_the.jpg,0.0020822336,4.3269915e-06,0.99757624,4.5625697e-05,0.00015234071,5.898311e-06,1.1814585e-05,2.0697153e-05,4.78548e-06,9.589333e-05
img_the.jpg,8.490463e-05,2.8213096e-06,0.999559,5.88865e-06,0.0001557576,9.83609e-05,2.7269057e-06,7.7681456e-05,5.4583875e-06,7.3857677e-06
img_the.jpg,0.0030935986,0.00011419537,0.99603075,4.01623e-05,0.000108182154,5.3724703e-05,6.655331e-05,0.00017226239,7.869218e-05,0.00024171747
img_the.jpg,0.00044881567,5.356128e-05,0.99781585,0.00013599417,0.0007861999,0.00024715802,1.3548458e-05,0.00034567586,3.599705e-05,0.00011711317
img_the.jpg,0.0043006614,0.0056677205,0.96495163,0.00861075,0.0027478624,0.003401839,0.0008449269,0.002978693,0.005320181,0.0011757041
img_the.jpg,0.062853076,0.11735304,0.35384977,0.14468412,0.01546661,0.049868427,0.030614153,0.18956488,0.023867508,0.011878311
img_the.jpg,0.007605277,0.00059000304,0.97698873,0.00080252346,0.0044772844,0.002086825,0.0009630135,0.0018634528,0.0027413093,0.0018814402
img_the.jpg,0.20183983,0.0016002316,0.7474904,0.024401283,0.0070663732,0.00056996616,0.0044164583,0.00106586,0.0003876082,0.011161983
img_the.jpg,0.013625099,0.025829019,0.29886797,0.04635047,0.020940179,0.35813648,0.008703351,0.045149915,0.17973916,0.002658281
img_the.jpg,0.024648188,0.0016855457,0.9496538,0.0013942196,0.0055405227,0.0013137925,0.002505605,0.002208644,0.0043469756,0.0067027323
img_the.jpg,6.889647e-05,1.7899207e-06,0.9997512,1.1586603e-06,0.00013743223,2.1551664e-06,1.1074249e-06,1.1204035e-05,1.4483683e-06,2.367054e-05
img_the.jpg,0.0005621254,0.00017752787,0.941898,0.00060909503,0.0017265938,0.0453296,0.00019951943,0.002303703,0.0071229474,7.106097e-05
img_the.jpg,0.0007993182,3.4302382e-05,0.9983235,4.652e-05,0.00025379047,0.00018559917,1.8991293e-05,0.00014769917,3.5004265e-05,0.00015520529
img_the.jpg,0.00085254345,7.0536786e-05,0.996654,0.0007555814,0.0009967485,0.00019618215,1.4202784e-05,0.00024448955,5.59206e-05,0.00015972176
img_the.jpg,0.00010237261,8.958699e-06,0.99820215,1.1737238e-05,0.0005008679,0.0007260603,8.513329e-06,0.00038229086,4.347712e-05,1.3644331e-05
img_the.jpg,0.04661394,0.0014036113,0.9295513,0.0015332068,0.003174121,0.0007024913,0.003221182,0.0013131878,0.0026867243,0.009800253
img_the.jpg,0.027417222,0.0016389942,0.90616256,0.054906648,0.0010917721,0.00026406933,0.00045834357,0.0024561104,0.00026148863,0.005342715
img_the.jpg,0.0032647229,0.0059590265,0.9459266,0.0024059727,0.0031366844,0.012351058,0.0017564424,0.010283056,0.014266307,0.0006501261
img_the.jpg,0.0002884742,2.9644596e-05,0.9980523,0.000104618215,0.0005112491,0.00054158055,1.4124712e-05,0.0003530486,6.3083135e-05,4.1694337e-05
img_the.jpg,0.000106170744,3.3600763e-06,0.9996817,1.0611016e-05,0.00013065802,1.7505323e-05,8.289524e-07,3.7891165e-05,1.6658985e-06,9.646608e-06
img_the.jpg,0.014212052,0.0006744225,0.9482087,0.025021682,0.002968819,0.00086240785,0.0005928571,0.004639966,0.00026349854,0.0025555298
img_the.jpg,0.00031563887,2.0779069e-05,0.99881464,5.078098e-05,0.0004644897,0.00010180939,4.2194306e-06,0.00017878042,1.0061238e-05,3.875372e-05
img_the.jpg,0.0028059771,0.000100229496,0.99602896,2.9465476e-05,0.0002460129,0.00013007873,6.689981e-05,0.00017296332,0.00012511136,0.00029421214
img_the.jpg,3.084792e-05,8.0858206e-07,0.9999066,3.8337e-07,4.8322632e-05,6.944252e-07,5.2035745e-07,5.0835115e-06,6.195755e-07,6.225942e-06
img_the.jpg,0.026814533,0.0021410284,0.9076205,0.0036333997,0.046824418,0.0029159654,0.004233726,0.004058218,0.00011845281,0.0016397975
img_the.jpg,0.032953765,0.0041411472,0.54816574,0.40013698,0.0015063104,0.0004001795,0.0007870502,0.0030957086,0.00053464615,0.008278559
img_the.jpg,8.71486e-05,1.1798966e-06,0.99974895,3.418089e-06,0.00013105007,2.1622147e-06,7.6449055e-07,7.4406803e-06,1.0865757e-06,1.695473e-05
img_the.jpg,0.0003110141,1.1235384e-05,0.9937974,3.835488e-05,0.00071345374,0.0035950486,7.610572e-05,0.0013147,0.00012005927,2.264944e-05
img_the.jpg,0.0033724469,0.0040042284,0.333508,0.0062829433,0.0066008745,0.46958894,0.0031068968,0.02358544,0.14948756,0.00046272564
img_the.jpg,0.040032804,0.00011729921,0.95386153,0.0010738262,0.0015080116,0.00018023216,0.0006545233,0.00041440845,0.00010755721,0.0020496356
img_the.jpg,0.018787203,0.0007511098,0.9754163,0.0013312672,0.00027637332,0.00014331551,0.00091805856,0.00048083195,0.00013510889,0.0017604649
img_the.jpg,0.007470674,0.0035389431,0.91634583,0.019282728,0.0054107266,0.0148031525,0.0013099742,0.008213804,0.021451227,0.0021729353
img_the.jpg,0.0007150485,5.566905e-05,0.9971812,0.0005806109,0.000892805,0.00017288126,1.19818105e-05,0.00021321006,4.6818754e-05,0.00012965508
img_the.jpg,0.02974916,0.007819346,0.8231944,0.0049859313,0.024926217,0.019715082,0.019301485,0.06660188,0.0009963588,0.002710071
img_the.jpg,0.00054860715,8.751956e-05,0.9964821,0.0002164156,0.0016049569,0.0003688146,2.8756871e-05,0.00035844522,0.00012336623,0.00018098071
img_the.jpg,0.12481547,0.24784741,0.14737703,0.028019994,0.011914614,0.022827275,0.07166515,0.32831362,0.006741494,0.010477819
img_the.jpg,0.0015035784,0.00045395497,0.986919,0.0074566137,0.0015783723,0.00053539086,6.344207e-05,0.0006797435,0.0003739634,0.00043578594
img_the.jpg,0.0002297942,4.2992624e-06,0.9994155,6.5243944e-06,0.00025046663,3.3650106e-06,2.7526958e-06,1.7202725e-05,2.4734848e-06,6.7674984e-05
img_the.jpg,0.0006086141,3.929184e-05,0.99764276,0.00031658247,0.00088615227,0.00015432264,1.0526213e-05,0.00018032752,3.3685006e-05,0.00012768735
img_the.jpg,0.0011780799,8.562229e-05,0.9976048,5.441026e-05,0.00031140278,0.00018799157,3.7451227e-05,0.00021897953,7.7152465e-05,0.00024390008
img_the.jpg,2.6392252e-05,4.101132e-07,0.9999278,3.850769e-07,3.6386555e-05,4.2800872e-07,2.7234523e-07,2.7817123e-06,3.4049225e-07,4.6850764e-06
img_the.jpg,6.103447e-05,2.5575914e-06,0.999758,7.2668763e-07,0.00013099889,2.4620617e-06,1.8841436e-06,1.8362365e-05,1.8345883e-06,2.215038e-05
img_the.jpg,0.000531109,0.0001524539,0.99315166,0.0008572679,0.0028603422,0.001077618,5.0282546e-05,0.0008552411,0.0002694686,0.00019435248
img_the.jpg,0.000951272,2.6774895e-05,0.99869215,5.51104e-06,9.445134e-05,3.8645743e-05,1.7258475e-05,5.2455907e-05,3.7223494e-05,8.422464e-05
img_the.jpg,0.0026325232,0.0019790092,0.9883738,0.002355885,0.001028322,0.00035422647,0.0002178022,0.00071880216,0.0012571726,0.0010822116
img_the.jpg,0.0136385,0.00054863206,0.94306856,0.03405279,0.0025917287,0.0006149494,0.00037807014,0.0026909304,0.000171402,0.002244498
img_the.jpg,0.050604243,0.0058021853,0.5973481,0.32837027,0.0013278167,0.0004303179,0.0013891858,0.0037809173,0.00060105725,0.01034598
img_the.jpg,0.00028030798,1.21421635e-05,0.9990945,0.00013154282,0.00030023968,5.2623174e-05,3.8709954e-06,9.037478e-05,1.0050485e-05,2.433655e-05
img_the.jpg,0.0013800325,0.00010357497,0.99757373,2.7965147e-05,0.00024392994,0.000113407135,4.1741605e-05,0.00019302375,9.111425e-05,0.00023141873
img_the.jpg,0.00019723499,8.833383e-06,0.9993544,2.3109444e-05,0.00025615963,4.3397657e-05,2.442598e-06,8.617273e-05,4.429931e-06,2.3638884e-05
img_the.jpg,2.4265286e-05,5.056548e-07,0.9999276,3.5215862e-07,3.772922e-05,4.93224e-07,3.372778e-07,3.366558e-06,4.0439997e-07,4.789697e-06
img_the.jpg,0.00061728345,3.0183868e-05,0.99811846,0.00018064956,0.0006607231,0.00010882356,8.979459e-06,0.00017861066,1.1724732e-05,8.4488136e-05
img_the.jpg,0.00030730298,3.0254836e-05,0.997606,7.491166e-05,0.0007383425,0.00071482226,1.946251e-05,0.00030860727,0.00015752694,4.2575193e-05
img_the.jpg,0.0025957762,0.00028895508,0.9926326,0.002479151,0.0006452063,0.00017149794,6.675746e-05,0.00045218953,0.00016628318,0.00050145463
img_the.jpg,3.7201105e-05,9.010599e-07,0.9997481,1.0967942e-06,8.018421e-05,8.406335e-05,2.2819188e-06,3.8495007e-05,4.538964e-06,3.2037456e-06
img_the.jpg,0.00085524446,6.7312765e-05,0.996517,0.0007507785,0.0010843788,0.0002247483,1.5254795e-05,0.00025479976,6.32693e-05,0.00016722323
img_the.jpg,0.00078192155,0.00031096136,0.9420884,0.0006650597,0.0027838587,0.042911626,0.00025721474,0.0034512863,0.0066191717,0.00013044136
img_the.jpg,0.0016601438,0.002111389,0.98716486,0.0017027967,0.0018162957,0.0011390519,0.00013415891,0.0009899965,0.0027111548,0.00057008513
img_the.jpg,0.00039528392,6.048971e-05,0.99756366,0.0002390419,0.00071737636,0.00046701523,1.5060224e-05,0.00040041225,7.25817e-05,6.909071e-05
img_the.jpg,1.34741995e-05,2.1817368e-07,0.9999592,1.8573479e-07,2.2327387e-05,2.7313774e-07,1.5492077e-07,1.6911741e-06,1.8789945e-07,2.355229e-06
img_the.jpg,0.008110459,0.0008554583,0.9859012,0.00018781195,0.0008940379,0.00074680895,0.00033859338,0.0012172646,0.00049485534,0.0012535342
img_the.jpg,0.0009500039,1.6331502e-05,0.9985919,9.359107e-05,0.00011836618,1.6232822e-05,8.57885e-06,2.6928046e-05,3.4023426e-05,0.00014397726
img_the.jpg,0.05562947,0.004111453,0.82864195,0.09491031,0.0012708228,0.00045205373,0.001402682,0.00425824,0.0004945841,0.008828379
img_the.jpg,0.009485507,0.0011095093,0.97479916,0.007384169,0.0012574198,0.00031627828,0.00043242364,0.0012289749,0.00045888257,0.0035276983
img_the.jpg,0.002220259,0.00012927827,0.996114,3.9166807e-05,0.0003457372,0.00039684164,7.9193254e-05,0.0003064188,0.00012396305,0.00024515679
img_the.jpg,0.00030630568,1.2791397e-05,0.9989717,0.00021396558,0.0002684992,6.755488e-05,3.8013443e-06,0.00011316054,1.2403074e-05,2.9592073e-05
img_the.jpg,0.006596266,1.6006195e-05,0.99241203,0.00011870527,0.00037551695,2.6250897e-05,7.434807e-05,7.1195005e-05,2.0551479e-05,0.00028918
img_the.jpg,0.002747685,6.901703e-05,0.9960087,0.00011703727,0.00028508992,6.818148e-05,3.3959597e-05,0.00016327274,5.2355335e-05,0.00045472663
img_the.jpg,0.0009993803,0.00045181942,0.9350143,0.00089025346,0.0029490057,0.04650013,0.0003351894,0.004028317,0.008666346,0.00016543323
img_the.jpg,0.0008166043,1.22129795e-05,0.9988437,1.6048913e-05,0.00010322165,1.5430807e-05,7.2344187e-06,4.2366082e-05,1.1637314e-05,0.00013144135
img_the.jpg,6.260963e-05,2.1143148e-06,0.99947876,3.805701e-06,0.00016494245,0.00017343614,3.4681884e-06,9.8370736e-05,6.959804e-06,5.3769095e-06
img_the.jpg,0.010204731,0.0014068044,0.9775995,0.00047643165,0.0017662991,0.002611438,0.00062731834,0.0025740438,0.0010065787,0.0017268093
img_the.jpg,0.00018968801,1.5118062e-05,0.9987481,0.00012815437,0.00035499103,0.00024731088,4.55218e-06,0.00027499814,1.9179015e-05,1.799574e-05
img_the.jpg,0.03117172,0.0019618403,0.9172076,0.004228869,0.03137345,0.0028055082,0.0039549936,0.0057350136,0.00011216843,0.001448831
img_the.jpg,0.0035299067,0.00031226495,0.99395823,6.4011554e-05,0.00045461542,0.00027017732,0.00012899443,0.0004892606,0.00022828042,0.00056421227
img_the.jpg,0.0017522135,1.8916255e-05,0.99796236,1.2158272e-05,6.6238834e-05,1.803496e-05,2.5721689e-05,3.203357e-05,1.6643986e-05,9.5832795e-05
img_the.jpg,0.0010057974,7.065936e-05,0.9963304,0.00075749593,0.0011492752,0.00017734748,1.6942387e-05,0.00024277056,5.1152165e-05,0.0001979766
img_the.jpg,0.0029526497,0.0010124748,0.98924685,0.002699939,0.00097580696,0.0002672146,0.00018545777,0.00055679714,0.0008531977,0.0012495219
img_the.jpg,0.011947238,0.01357431,0.12824067,0.013809814,0.020043992,0.53575605,0.012389862,0.106631875,0.15507162,0.002534435
img_the.jpg,0.00012145498,5.6505432e-06,0.99943507,2.7895949e-06,0.0003372704,6.872977e-06,2.8315687e-06,3.1096282e-05,4.9909877e-06,5.2012e-05
img_the.jpg,0.00030127933,2.3247729e-05,0.9986436,1.0812868e-05,0.00076259556,2.0002262e-05,8.334463e-06,8.724548e-05,1.6167043e-05,0.00012668419
img_the.jpg,0.0009034635,0.0002613711,0.9927817,0.00020316118,0.0020325768,0.0013258388,9.617406e-05,0.001964913,0.00019827069,0.00023252149
img_the.jpg,0.0007158812,3.9993774e-05,0.9974335,0.0004953784,0.0008296,0.00014854473,9.987731e-06,0.00017229782,3.6903137e-05,0.00011790458
img_the.jpg,0.0022656948,5.5275428e-05,0.9967746,6.283527e-05,0.0002328008,7.2713075e-05,2.9282404e-05,0.00012641973,5.52798e-05,0.0003250735
img_the.jpg,0.022740431,4.646397e-05,0.9741195,0.000652624,0.000770891,7.7621065e-05,0.00025959505,0.0001771284,5.6289275e-05,0.0010995662
img_the.jpg,0.015255958,0.04085974,0.8420201,0.009136455,0.0073569245,0.018929763,0.008723476,0.04161343,0.0135042155,0.0026000594
img_the.jpg,0.002167195,0.0013334688,0.7883539,0.0013509892,0.01717197,0.1453175,0.0007298828,0.016081236,0.02671029,0.00078348693
img_the.jpg,0.0007072529,5.6211247e-05,0.997017,0.00045941642,0.0010714312,0.0002305204,1.3284104e-05,0.0002451089,5.570051e-05,0.00014410487
img_the.jpg,0.0001656154,1.1119693e-05,0.99592155,7.166768e-05,0.0006095571,0.0023901705,1.8393937e-05,0.0007273709,7.19084e-05,1.2751442e-05
img_the.jpg,0.00027270982,1.19672895e-05,0.9991997,3.3443852e-05,0.00029909099,4.7627316e-05,2.7996612e-06,9.4398456e-05,5.356898e-06,3.2842592e-05
img_the.jpg,0.0028164978,0.0016513371,0.15572101,0.0027902653,0.0057592546,0.6083305,0.0013213708,0.012674352,0.20864804,0.0002873929
img_the.jpg,0.00041253824,7.852965e-05,0.9974414,0.00015170124,0.00089736,0.00033801977,1.7402363e-05,0.000513633,5.3709537e-05,9.575437e-05
img_the.jpg,0.00022535435,1.3403504e-05,0.997439,7.023363e-05,0.0006084812,0.0011835537,1.2974815e-05,0.00035862508,5.9617534e-05,2.8779601e-05
img_the.jpg,0.1790019,0.0010601304,0.7786786,0.018456873,0.006620197,0.0006115396,0.004443262,0.0010543616,0.00030025802,0.009772785
img_the.jpg,2.4676028e-05,2.826259e-07,0.9999389,4.427369e-07,2.9184339e-05,4.031969e-07,2.258264e-07,2.318568e-06,2.5917362e-07,3.1519535e-06
img_the.jpg,0.05992596,0.00035874304,0.8941206,0.035240505,0.003814756,0.00018453095,0.0005132786,0.00021114007,0.00013528683,0.0054951897
img_the.jpg,0.003883612,0.0011679488,0.9854607,0.0045002894,0.0010341121,0.0002854692,0.00025718252,0.0006180373,0.0009371871,0.0018556253
img_the.jpg,0.014996037,0.0014117383,0.97282624,0.0015165102,0.0020315,0.0010002393,0.0004985356,0.0021512494,0.0005355146,0.0030324622
img_the.jpg,0.0014473716,0.000111194815,0.99735534,2.7521517e-05,0.00028147464,0.0001663636,5.1418923e-05,0.00021717614,0.0001083565,0.00023387713
img_the.jpg,2.2138604e-05,5.023932e-07,0.99993855,2.5877637e-07,3.0256593e-05,4.185516e-07,3.5242286e-07,3.4528136e-06,3.9085842e-07,3.5554328e-06
img_the.jpg,0.000107983775,8.801195e-06,0.9992279,4.24236e-06,0.00020318684,0.0001634955,7.9045e-06,0.00025442647,1.0533149e-05,1.1670725e-05
img_the.jpg,0.05211143,0.0049347295,0.86493796,0.0048176544,0.039895847,0.0058515533,0.010835471,0.013698671,0.0003648571,0.0025518017
img_the.jpg,0.0068807616,0.00025141492,0.9896384,0.00024632388,0.00073082506,0.0003908241,0.00015550929,0.0005434567,0.00021228594,0.0009503803
img_the.jpg,9.399031e-05,1.2424903e-05,0.99897814,6.3709235e-06,0.000269551,0.00017059177,7.185312e-06,0.00044081078,1.1251812e-05,9.761592e-06
img_the.jpg,0.000101724094,2.210728e-06,0.9993865,7.834408e-06,0.00018114939,0.0002100336,4.628865e-06,8.1065715e-05,1.4194957e-05,1.0725813e-05
img_the.jpg,0.0017929708,0.00022097128,0.9901183,0.0058783866,0.0009933505,0.0001539956,2.769594e-05,0.00027032895,0.00014186456,0.0004019827
img_the.jpg,7.1845796e-05,1.0384405e-06,0.9998374,1.0244277e-06,6.419471e-05,5.985197e-07,6.3322835e-07,5.4170464e-06,5.700352e-07,1.7431792e-05
img_the.jpg,0.06835531,0.0102093555,0.76877487,0.0041040913,0.051406242,0.016093085,0.03126122,0.044093776,0.001340025,0.0043619177
img_the.jpg,0.004865607,0.00011247388,0.9938023,0.00011487109,0.00023460333,7.6346645e-05,0.000104645886,0.00014656787,6.9751215e-05,0.0004728222
img_the.jpg,0.00012795605,8.823984e-06,0.99876726,1.038353e-05,0.0003187778,0.00045577888,1.2306146e-05,0.0002542425,2.913633e-05,1.5337215e-05
img_the.jpg,0.15014502,0.015129409,0.56136405,0.2384281,0.0015822693,0.0009856555,0.0070130667,0.005836469,0.0010516259,0.018464278
img_the.jpg,0.03705722,0.0019013737,0.9485058,0.004434167,0.00052832434,0.00030508195,0.0022781186,0.0010072131,0.00023715866,0.0037455072
img_the.jpg,0.0005089838,0.00013780713,0.9937053,0.0008432196,0.0026729328,0.0008632024,4.4949713e-05,0.0008225262,0.00022008605,0.00018106651
img_the.jpg,4.0007244e-06,5.142727e-08,0.99998957,2.5913272e-08,5.2695314e-06,3.1367744e-08,3.188007e-08,4.0821513e-07,3.6511384e-08,5.6599765e-07
img_the.jpg,0.0004182101,3.2772386e-05,0.9976725,0.00018169702,0.001045831,0.0002835147,1.0938531e-05,0.0002084834,4.7483463e-05,9.858019e-05
img_the.jpg,0.03587513,0.0029426883,0.8848839,0.0025412901,0.034894604,0.0055565615,0.009254548,0.02186764,0.00028746075,0.001896227
img_the.jpg,0.0022034983,4.050197e-05,0.9972958,2.4508636e-05,8.574815e-05,2.0347887e-05,4.0435356e-05,5.5926525e-05,3.9752354e-05,0.00019346878
img_the.jpg,1.0718086e-05,1.5904347e-07,0.99997205,8.561329e-08,1.3771222e-05,9.7668504e-08,9.8709776e-08,1.1327643e-06,1.0079824e-07,1.7923866e-06
img_the.jpg,2.7975742e-05,2.694324e-07,0.99993616,5.079409e-07,2.8203953e-05,2.4724014e-07,1.644358e-07,1.6329369e-06,1.9070411e-07,4.6541873e-06
img_the.jpg,3.1522373e-05,5.8836866e-07,0.9999302,3.2245384e-07,2.7632914e-05,3.1108513e-07,3.9902847e-07,3.7678562e-06,3.7958708e-07,4.9102246e-06
img_the.jpg,0.01238741,0.025278209,0.25395966,0.038671482,0.020019101,0.4148789,0.0073373816,0.037305936,0.18775135,0.0024105061
img_the.jpg,0.034931462,0.01117253,0.07367057,0.8660932,0.0008013819,0.00046604688,0.0018328183,0.0026050357,0.00055863796,0.007868338
img_the.jpg,0.00014209207,1.7027916e-05,0.9978177,2.4925013e-05,0.0005846953,0.00067579397,1.1531108e-05,0.00065721886,5.2423773e-05,1.6603986e-05
img_the.jpg,0.0030952718,4.1601175e-05,0.9960778,0.0001049131,0.00012061245,1.8563209e-05,3.3836906e-05,7.339497e-05,3.4184606e-05,0.00039986422
img_the.jpg,0.0022368238,0.0013462052,0.06002742,0.0057233125,0.004284742,0.7184796,0.0012340309,0.010499831,0.19593681,0.00023121954
img_the.jpg,0.002568643,0.0014637077,0.045393586,0.0041171196,0.004906486,0.72776836,0.0012379019,0.012859964,0.19943516,0.00024913636
img_the.jpg,0.04483502,9.753824e-05,0.9494525,0.0017821837,0.001096757,8.032088e-05,0.00045399548,0.00018065548,8.9536e-05,0.0019312756
img_the.jpg,0.0017846891,3.586167e-05,0.99774826,1.6626012e-05,9.720464e-05,2.5562296e-05,2.9552279e-05,5.765345e-05,4.072237e-05,0.00016402025
img_the.jpg,0.0107562905,0.0017723861,0.9659723,0.00030921368,0.0022458874,0.008735625,0.0014360553,0.0043812334,0.002730173,0.0016608208
img_the.jpg,0.00010958031,9.965614e-06,0.99796665,1.2054127e-05,0.000507878,0.00084780727,1.0875985e-05,0.00046714328,5.3456744e-05,1.45346185e-05
img_the.jpg,0.00461839,0.00016621377,0.9842019,0.000984775,0.007882954,0.0005316109,0.00029264824,0.0011471221,1.4414696e-05,0.00016002222
img_the.jpg,8.6788095e-05,6.968829e-06,0.99809265,9.165325e-06,0.0004694356,0.0009237109,8.306099e-06,0.0003403338,5.1296473e-05,1.1231165e-05
img_the.jpg,0.015744353,0.00059031026,0.9786956,0.0008108217,0.0006718776,0.0002538165,0.0004127179,0.00074852176,0.00019393387,0.0018781171
img_the.jpg,0.004234131,0.0044769323,0.031071981,0.008005602,0.008389967,0.7352339,0.0032086466,0.02772753,0.17688268,0.00076869415
img_the.jpg,0.0029537855,0.0015042849,0.08077028,0.0022870013,0.0060635866,0.6628892,0.0012232666,0.0138185825,0.22823158,0.00025846047
img_the.jpg,0.0016834101,2.887476e-05,0.997272,0.000420056,0.00016030835,2.0185495e-05,1.1305244e-05,4.858072e-05,3.1004136e-05,0.0003241683
img_the.jpg,0.053684324,0.0105252145,0.7866436,0.005868341,0.03240793,0.018831484,0.031616,0.054831,0.0013779395,0.0042142756
img_the.jpg,0.0006879451,3.9131355e-05,0.9975166,0.00049547426,0.0007918268,0.00014398292,9.643762e-06,0.00016849898,3.6132475e-05,0.0001107733
img_the.jpg,0.0007808731,5.0176026e-05,0.9971208,0.0007327363,0.0008114114,0.00014245618,1.0936946e-05,0.00017919696,4.28943e-05,0.00012840162
img_the.jpg,0.00666421,0.00020976437,0.99144477,0.00011314741,0.00024614358,0.000110342575,0.00017985886,0.00026469023,0.0001448362,0.00062234286
img_the.jpg,0.0149773685,3.2874002e-05,0.9831255,0.0003850856,0.00052222784,4.1579824e-05,0.00013538953,0.00010482256,4.9023103e-05,0.0006259856
img_the.jpg,0.0143270455,2.2659091e-05,0.983917,0.00045530274,0.0004109148,2.7757627e-05,9.572989e-05,6.319966e-05,3.4704743e-05,0.0006456538
img_the.jpg,0.08962172,0.0246198,0.71870816,0.01667436,0.065585986,0.020583307,0.021221437,0.03466403,0.0019281808,0.0063930233
img_the.jpg,0.0029976803,0.00055644976,0.9913279,0.0004207933,0.0013848931,0.0003742558,0.00021861302,0.00072654436,0.00038771247,0.0016052375
img_the.jpg,0.013095074,0.0013209956,0.9637299,0.011364966,0.00153482,0.00034348102,0.00055504456,0.0013331332,0.00062334765,0.006099313
img_the.jpg,0.00025777487,4.4748463e-06,0.99939644,0.00011534189,0.00015391193,1.9372796e-05,9.600226e-07,2.983878e-05,3.852731e-06,1.7945431e-05
img_the.jpg,0.00010832487,1.4523781e-06,0.9996911,3.6625877e-06,0.00015842689,2.412765e-06,8.683055e-07,8.348634e-06,1.177496e-06,2.4368088e-05
img_the.jpg,0.005956554,0.012603333,0.8940849,0.005009754,0.00542036,0.02602119,0.0041495836,0.020131001,0.025450822,0.0011725939
img_the.jpg,0.002536166,0.00028654345,0.9938838,0.0002228997,0.0008299483,0.00054707885,9.956226e-05,0.00066980487,0.00021847818,0.0007056522
img_the.jpg,4.874482e-05,1.0655206e-06,0.99986506,5.782102e-07,6.323914e-05,8.2590907e-07,8.1127894e-07,6.5763406e-06,7.0684325e-07,1.2314176e-05
img_the.jpg,0.0007733897,5.797857e-05,0.9968718,0.00064635405,0.0010015821,0.0002061994,1.3224483e-05,0.00022783547,5.6483655e-05,0.0001452796
img_the.jpg,0.0071058525,0.00033382955,0.98849756,0.00040571007,0.0009538444,0.00046183684,0.00013824919,0.00077371666,0.00020699344,0.0011224621
img_the.jpg,0.0040861806,0.00016086089,0.9942511,3.645248e-05,0.00031656105,0.00021439396,0.00012812516,0.00024256074,0.00020147672,0.00036233885
img_the.jpg,0.000313395,2.0897853e-05,0.99612075,8.295387e-05,0.0007694092,0.0016628617,2.538128e-05,0.0008577108,0.000116576644,3.0008077e-05
img_the.jpg,2.3408651e-05,4.2730505e-07,0.9999419,2.388731e-07,2.621607e-05,2.533636e-07,2.9095605e-07,2.6480423e-06,2.735488e-07,4.3557984e-06
img_the.jpg,0.13540286,0.0018383322,0.82099307,0.0014467499,0.0040653073,0.0008083437,0.00739603,0.0022462471,0.0021119046,0.023691196
img_the.jpg,0.00041947298,7.020146e-05,0.9963101,0.00034484625,0.0009275182,0.0010529311,2.5824858e-05,0.00065108924,0.00013196748,6.608365e-05
img_the.jpg,0.064825,0.0041791485,0.89228743,0.022646477,0.00072938413,0.00040507066,0.0050668106,0.0016765072,0.00029922236,0.007884899
img_the.jpg,1.8590428e-05,4.2936892e-07,0.9999575,7.1043544e-08,1.6062473e-05,1.379017e-07,2.1175406e-07,1.5245595e-06,3.2932448e-07,5.0766434e-06
img_the.jpg,0.005616897,0.00019235193,0.9912711,0.0003656834,0.0007011907,0.00022055361,8.648815e-05,0.00042573802,0.00011727564,0.0010027215
img_the.jpg,0.011212445,2.196602e-05,0.9871319,0.0004380651,0.00045831027,2.8186669e-05,7.063128e-05,7.1995855e-05,3.052089e-05,0.0005360252
img_the.jpg,5.9740047e-05,1.5618023e-06,0.9998758,4.7681954e-07,3.7764737e-05,4.3954873e-07,6.823445e-07,4.7743406e-06,1.1724587e-06,1.7678267e-05
img_the.jpg,0.010973149,0.00035257541,0.98524535,0.00038646653,0.0005451234,0.00020267731,0.00025206263,0.0005658144,0.00015394193,0.0013229236
img_the.jpg,3.573611e-05,3.22598e-07,0.99992317,7.764967e-07,3.165787e-05,3.1263065e-07,2.2500744e-07,2.1101635e-06,2.3215063e-07,5.363037e-06
img_the.jpg,0.0013688268,3.4646018e-06,0.998408,1.1802986e-05,0.00011580221,4.622662e-06,1.04394185e-05,1.938929e-05,3.8135636e-06,5.376333e-05
img_the.jpg,0.0013706256,0.00040077345,0.9906793,0.00034520804,0.0028839349,0.0011917659,9.762303e-05,0.0024467586,0.000187804,0.00039603122
img_the.jpg,0.0053081573,0.0034748411,0.94649535,0.0034409494,0.006253527,0.011459859,0.0007007918,0.004541925,0.016626805,0.0016977423
img_the.jpg,0.00027684929,2.7481497e-05,0.9963183,8.9277455e-05,0.00072997937,0.0014350013,2.1802523e-05,0.0009613176,0.00011278002,2.7236732e-05
img_the.jpg,0.0006411301,5.8929007e-05,0.99688786,0.00028599132,0.0013202978,0.0002504059,2.120334e-05,0.0002881467,5.8376314e-05,0.00018767918
img_the.jpg,0.00039944067,0.00011876576,0.9769005,0.00039390344,0.0010585578,0.016594745,0.000109771776,0.0013204353,0.00305205,5.1858653e-05
img_the.jpg,0.00083584426,0.00010579022,0.9955992,0.0009973795,0.0014734418,0.00028038048,2.412125e-05,0.00034621975,0.00010252484,0.00023506292
img_the.jpg,0.03029461,0.062053327,0.609499,0.019848812,0.017727116,0.07446473,0.021766527,0.123053215,0.036770716,0.0045219236
img_the.jpg,0.052049816,0.003100897,0.8680535,0.008141063,0.04263772,0.0055312975,0.008655826,0.009218838,0.00022639356,0.0023846033
img_the.jpg,0.20504679,0.0018372103,0.691029,0.06744306,0.011621891,0.0006152035,0.0044154823,0.00082156894,0.0003754393,0.016794456
img_the.jpg,0.00013016912,1.6772374e-06,0.9996779,4.23725e-06,0.00014728039,1.9200888e-06,1.010113e-06,8.874786e-06,1.239316e-06,2.5812586e-05
img_the.jpg,0.0036369846,9.61224e-05,0.99469185,0.00026941844,0.0003117031,4.9099574e-05,4.6626225e-05,0.00018149016,4.7356596e-05,0.0006694467
img_the.jpg,0.0018602208,8.3354564e-05,0.9970805,2.9611381e-05,0.00025862275,0.000190707,4.4388238e-05,0.00018331614,7.5733966e-05,0.00019358554
img_the.jpg,0.00019202458,3.5308515e-06,0.9995803,4.354614e-06,0.00014735354,1.9480276e-06,2.0744635e-06,1.4166304e-05,2.023755e-06,5.2366788e-05
img_the.jpg,0.00020786934,7.866077e-06,0.9992436,4.721787e-06,0.00040555096,6.161955e-06,3.830466e-06,3.342399e-05,4.702948e-06,8.2288316e-05
img_the.jpg,8.803267e-05,6.6405473e-06,0.9989185,8.337957e-06,0.0003214103,0.0003574679,5.739575e-06,0.0002567078,2.6221527e-05,1.1029968e-05
img_the.jpg,0.027865559,9.544325e-05,0.96669394,0.0008975872,0.0016242499,0.00016314896,0.0005178165,0.00035560728,8.7016844e-05,0.0016996377
img_the.jpg,0.0007913915,4.0496987e-05,0.997253,0.000595238,0.000829192,0.00014330042,1.03156135e-05,0.00016766081,3.8566362e-05,0.00013083202
img_the.jpg,0.0041912277,0.0033204055,0.95730287,0.018130304,0.0065857237,0.0019252758,0.0006684434,0.004506409,0.0014715161,0.0018977396
img_the.jpg,9.538042e-05,1.1257058e-05,0.997881,1.22264955e-05,0.0005910326,0.00079327077,8.224231e-06,0.0005445531,5.1324347e-05,1.1761841e-05
img_the.jpg,0.0020959538,3.5106543e-05,0.99742645,2.6189078e-05,8.304391e-05,1.6963193e-05,3.2115484e-05,5.2787025e-05,3.5591507e-05,0.00019583659
img_the.jpg,7.976685e-05,6.9044468e-06,0.9981513,8.896721e-06,0.0005032829,0.000738918,6.9634652e-06,0.00045496292,4.0377523e-05,8.630008e-06
img_the.jpg,0.00027001902,9.9333694e-05,0.9981031,0.00066591584,0.00041889743,8.37572e-05,5.7224065e-06,0.000103510116,0.0001664993,8.326779e-05
img_the.jpg,3.7502326e-05,1.0649472e-06,0.9999209,1.6694122e-07,2.4538303e-05,2.756827e-07,5.390594e-07,3.500209e-06,9.0952864e-07,1.0578752e-05
img_the.jpg,0.00066759187,8.088438e-06,0.99917907,4.577789e-06,3.7640944e-05,5.2707564e-06,6.462388e-06,1.6103033e-05,1.0389911e-05,6.4764645e-05
img_the.jpg,0.00020065853,1.4766037e-05,0.9988434,0.00013390381,0.000328355,0.000195465,4.2685137e-06,0.00024392894,1.6520593e-05,1.8723105e-05
img_the.jpg,0.04718725,9.052899e-05,0.9468981,0.0016210017,0.0011185386,0.00011739781,0.00051463104,0.00025419355,9.1121365e-05,0.0021072642
img_the.jpg,9.812737e-05,5.8094283e-06,0.9988791,7.2539706e-06,0.0002779855,0.00046918154,9.930664e-06,0.00021705744,2.4814222e-05,1.07070955e-05
img_the.jpg,0.00090167107,0.000116520045,0.99579,0.001355178,0.0010029804,0.00022070874,2.0667936e-05,0.0002992247,9.3169285e-05,0.00019974944
img_the.jpg,0.0001549493,2.1652563e-06,0.9996279,5.868217e-06,0.0001603096,2.2719428e-06,1.2831863e-06,9.673006e-06,1.5267468e-06,3.4013025e-05
img_the.jpg,0.0016348679,0.00056184194,0.9869144,0.005039435,0.002624831,0.000920108,0.00010195979,0.0012119196,0.00043299116,0.0005575064
img_the.jpg,0.010495,0.0004302293,0.9861501,0.00022970016,0.00030635,0.00017299781,0.0004958123,0.00041268487,0.00022378787,0.0010832284
img_the.jpg,0.001476728,0.0009981351,0.9798526,0.004026737,0.005708272,0.0024032653,0.00030228132,0.0034821345,0.0009651072,0.00078468455
img_the.jpg,0.0039005931,6.970336e-05,0.9938112,0.00049360975,0.0004262871,5.5285807e-05,5.299062e-05,0.000118841795,0.00010959282,0.0009618867
img_the.jpg,0.7097216,0.011652744,0.09685506,0.11175693,0.010492647,0.00042143336,0.012103902,0.004100403,0.0008300537,0.042065177
img_the.jpg,0.007351187,0.0007733142,0.97932535,0.0063159727,0.0014271558,0.00029194148,0.00018064553,0.0006182447,0.000436195,0.0032800112
img_the.jpg,8.233672e-05,3.668867e-06,0.9996188,1.1127576e-06,0.00022314776,4.2562974e-06,2.2866686e-06,2.3905957e-05,2.8525492e-06,3.7648e-05
img_the.jpg,0.013994433,0.0009983744,0.9741123,0.0003329599,0.0019583553,0.002065835,0.0011391682,0.001122044,0.002169626,0.0021069045
img_the.jpg,0.0013879308,0.00010771413,0.99748874,2.4538289e-05,0.00026889922,0.00014707564,4.7591264e-05,0.00020261163,0.00010309549,0.00022171003
img_the.jpg,0.0040664156,0.008301523,0.92760485,0.0033368305,0.0039402493,0.016857259,0.0025071832,0.0131080365,0.019433253,0.00084443873
img_the.jpg,0.0008024092,0.00018969999,0.9942845,0.001607982,0.001517443,0.0005292786,3.903169e-05,0.0006047956,0.00019800143,0.00022697079
img_the.jpg,0.0025335627,0.0016171953,0.5824936,0.00631246,0.0034699119,0.26681513,0.0015281445,0.0068490077,0.1281152,0.00026576692
img_the.jpg,0.02178384,0.0050243544,0.14072658,0.8230175,0.00073594385,0.00028113992,0.0007004914,0.0018947787,0.0004076179,0.0054277596
img_the.jpg,0.0017112889,0.0025902211,0.9851593,0.00162788,0.0017772787,0.001538023,0.00017182971,0.0014714148,0.0034180928,0.0005347156
img_the.jpg,0.00241215,2.8970988e-05,0.9969673,6.466647e-05,0.00010028431,1.3934516e-05,2.42233e-05,5.4086537e-05,2.7274236e-05,0.00030703685
img_the.jpg,0.004418537,9.172953e-05,0.994426,0.00012315466,0.00017953075,4.5412355e-05,7.483305e-05,0.00013233286,4.951321e-05,0.00045887846
img_the.jpg,5.9471095e-06,7.0726585e-08,0.9999874,3.2990375e-08,5.1706743e-06,3.750619e-08,4.2077673e-08,5.015737e-07,5.3104486e-08,7.476513e-07
img_the.jpg,0.00037451673,0.000113324546,0.9807292,0.00039773015,0.00091500836,0.013473812,9.6606585e-05,0.0012427605,0.0026092576,4.776284e-05
img_the.jpg,0.50507176,0.010647327,0.31252888,0.010491217,0.0072316453,0.0009842041,0.042112067,0.0070246826,0.0029909546,0.10091731
img_the.jpg,0.008234618,0.00084107317,0.98568636,0.00013978558,0.0008244597,0.0009792625,0.0004192138,0.0012608544,0.00057288614,0.0010413151
img_the.jpg,0.06563921,0.029016865,0.18665127,0.6725158,0.004015013,0.0033388538,0.0042206747,0.013566995,0.0030502079,0.017985111
img_the.jpg,0.0002778767,3.4518933e-05,0.9978132,0.0002106908,0.0006563988,0.00039270625,8.712552e-06,0.00053718366,3.386797e-05,3.4834422e-05
img_to.jpg,0.0012595031,0.0015955486,0.0012313303,0.0017354832,0.023759132,0.35792136,0.001837517,0.09498706,0.51483184,0.0008412345
img_to.jpg,0.12107106,0.25089335,0.106794365,0.30617213,0.012353949,0.030452393,0.026483031,0.08145689,0.019395024,0.04492789
img_to.jpg,0.0013526772,0.001769177,0.0007799557,0.006129365,0.033781864,0.42690167,0.003925851,0.23976006,0.28404984,0.0015494986
img_to.jpg,0.5254853,0.18009105,0.03850299,0.037806243,0.009652432,0.015202462,0.12500574,0.04577484,0.0012578685,0.021221124
img_to.jpg,0.03335056,0.0029519652,0.03350746,0.9028398,0.0015662519,0.00077907025,0.0015121688,0.013303089,0.00042811228,0.009761625
img_to.jpg,0.0392468,0.06256868,0.0038645365,0.14386097,0.07372473,0.018993374,0.01653919,0.6207042,0.008087699,0.012409786
img_to.jpg,0.002247391,0.002006996,0.0011735673,0.0027318504,0.038624525,0.39391944,0.0018359316,0.13982792,0.41648296,0.0011494709
img_to.jpg,0.008967179,0.0021300055,0.0028940071,0.33527097,0.0041200877,0.01280845,0.0037038256,0.6286028,0.00045670522,0.0010459461
img_to.jpg,0.02477493,0.20052223,0.28993163,0.023221875,0.03259469,0.07373871,0.010439594,0.33611527,0.0037625823,0.004898465
img_to.jpg,0.0030419738,0.009113715,0.0011982191,0.27711266,0.0014932086,0.0021144438,0.0018131675,0.7029482,0.00034684665,0.00081746595
img_to.jpg,0.010290554,0.0036421402,0.0005637011,0.04509886,0.0006258398,0.0034702823,0.0046042986,0.93084824,7.152159e-05,0.0007846272
img_to.jpg,0.013130019,0.0129507035,0.0016248407,0.30827928,0.002185744,0.0040218337,0.005742605,0.6492629,0.00048206,0.00231991
img_to.jpg,0.18076287,0.18710272,0.08673682,0.31351924,0.012944028,0.036336996,0.033881113,0.088490374,0.013526804,0.046699166
img_to.jpg,0.02172035,0.19503114,0.35235095,0.021840392,0.03241491,0.06487817,0.0099384105,0.29366094,0.0040412107,0.0041235737
img_to.jpg,0.087367326,0.11017565,0.3109061,0.32901424,0.018773936,0.02155759,0.012418413,0.04415248,0.020354826,0.045279436
img_to.jpg,0.08350106,0.07713243,0.04300622,0.08035076,0.30150217,0.10453349,0.043262165,0.05355967,0.04270928,0.17044273
img_to.jpg,0.018076885,0.0002881447,0.3512543,0.0005524281,0.008653477,0.038909115,0.038277272,0.5413486,0.00092206657,0.0017177274
img_to.jpg,0.41484833,0.01043398,0.007150302,0.10123206,0.008114529,0.005081612,0.018074848,0.43059707,0.000364624,0.004102586
img_to.jpg,0.0010296205,0.00010188627,0.0002671334,0.0035641047,0.0030413533,0.034800768,0.00057055184,0.9547527,0.0016212346,0.00025072758
img_to.jpg,0.019353937,0.0001486424,0.06668845,0.0010428407,0.0074545555,0.072915375,0.12978828,0.6953753,0.0018848985,0.005347816
img_to.jpg,0.20769817,0.030319627,0.6571826,0.029093694,0.003950689,0.00849648,0.014833782,0.025248699,0.0032531295,0.01992308
img_to.jpg,0.0994782,0.064696595,0.022531481,0.011180765,0.026931701,0.03638604,0.039351303,0.6861759,0.0028345408,0.010433433
img_to.jpg,0.025559636,0.006498011,0.002041109,0.018136375,0.1511329,0.05601353,0.0069658356,0.6959909,0.025965415,0.01169632
img_to.jpg,0.11350178,0.10906677,0.013839153,0.47900498,0.0316589,0.012538072,0.03173266,0.055883877,0.007010799,0.14576311
img_to.jpg,0.1360265,0.092580006,0.021066764,0.4898821,0.032078426,0.035340145,0.032251995,0.049460135,0.01169332,0.09962052
img_to.jpg,0.0065388144,0.021179728,0.003340649,0.37048742,0.0061639845,0.0055315155,0.002311037,0.5826062,0.0010391374,0.0008014445
img_to.jpg,0.38600942,0.40829942,0.013243581,0.053993423,0.045919854,0.0030048299,0.026627976,0.022773828,0.0013786375,0.038748983
img_to.jpg,0.033102043,0.04543158,0.007883244,0.806061,0.0121324975,0.004358341,0.00775649,0.01652472,0.006371231,0.06037895
img_to.jpg,0.05758846,0.035021935,0.73913497,0.070492506,0.013846775,0.01291773,0.0041891937,0.033599764,0.010032591,0.023176111
img_to.jpg,0.125733,0.08598438,0.04597613,0.52830994,0.014612647,0.01592016,0.06690185,0.032183472,0.005272436,0.07910606
img_to.jpg,0.056439355,0.05199345,0.0026009488,0.059778802,0.05694058,0.0941951,0.16079755,0.37641835,0.050585583,0.09025038
img_to.jpg,0.040315073,0.0837799,0.020291958,0.8063595,0.0027861577,0.004807809,0.004779276,0.01818018,0.00710723,0.011592839
img_to.jpg,0.21767846,0.1338938,0.038369607,0.26322383,0.011801289,0.018994076,0.17625733,0.058072347,0.0039331065,0.07777622
img_to.jpg,0.033841472,0.00016785515,0.07605885,0.0041390574,0.00805581,0.12835452,0.17781036,0.56020516,0.0025517738,0.008815142
img_to.jpg,0.2361535,0.053748216,0.0037038173,0.2402335,0.08966617,0.043097127,0.04764092,0.21906997,0.016665366,0.050021414
img_to.jpg,0.010786187,0.046100855,0.35045302,0.010438727,0.026011473,0.28971747,0.007682287,0.24310252,0.013124421,0.0025829845
img_to.jpg,0.0024227954,0.00022921684,0.0005247183,0.0076991473,0.0024203567,0.023105681,0.0013150551,0.96096456,0.0009157383,0.0004025782
img_to.jpg,0.2245908,0.15400931,0.0947063,0.260171,0.012153833,0.024898136,0.095342875,0.06250338,0.0059360997,0.065688215
img_to.jpg,0.005186443,0.0070021655,0.0020448081,0.31095698,0.002082397,0.004001557,0.0027102719,0.6645336,0.00062437955,0.0008573184
img_to.jpg,0.0069478857,0.036171734,0.006569274,0.9123927,0.004373591,0.002124329,0.0024714645,0.00472526,0.008290516,0.015933273
img_to.jpg,0.00719607,0.0018978629,0.0032527354,0.6930426,0.0051176567,0.011129899,0.003590441,0.2731706,0.00044304517,0.0011591484
img_to.jpg,0.007670817,0.0042146468,0.003564298,0.0041055027,0.0935918,0.35232344,0.002593945,0.13072652,0.39841303,0.0027960024
img_to.jpg,0.1666966,0.38274714,0.008149195,0.061320998,0.0032348416,0.0067113475,0.25601965,0.0920101,0.0027480621,0.020361995
img_to.jpg,0.0070834765,0.005780375,0.006869362,0.00226507,0.28558576,0.114594355,0.0015955524,0.095604666,0.47746578,0.0031555356
img_to.jpg,0.17941177,0.39558393,0.054952785,0.03266705,0.024382668,0.0067797005,0.030328397,0.25626466,0.005032989,0.01459591
img_to.jpg,0.049187258,0.00089665875,0.48589364,0.0013063488,0.018467233,0.031018766,0.08056539,0.326666,0.00123432,0.004764474
img_to.jpg,0.14909409,0.26206827,0.07395745,0.29752967,0.008785014,0.031561796,0.03758267,0.08411144,0.01471914,0.040590394
img_to.jpg,0.07482425,0.034897257,0.010066649,0.011026578,0.003078384,0.0065938123,0.021332158,0.8357046,0.00025615247,0.0022201673
img_to.jpg,0.001173184,0.0001307679,0.00028516393,0.0041524656,0.0019224258,0.015688602,0.0006600305,0.9750951,0.0006155401,0.00027686046
img_to.jpg,0.04819513,0.026135312,0.017829305,0.0044053127,0.0065698684,0.017539885,0.022148706,0.85490364,0.00059620844,0.0016766693
img_to.jpg,0.059536655,0.026380433,0.016844753,0.0046346956,0.0073961182,0.017026005,0.024115933,0.8415388,0.00056927104,0.001957477
img_to.jpg,0.1240652,0.031296607,0.16986093,0.53206074,0.009080264,0.0032227917,0.01072716,0.088583134,0.0014903005,0.029612813
img_to.jpg,0.1952515,0.13631253,0.05843183,0.28515178,0.018119667,0.031014852,0.11410042,0.07198492,0.006356362,0.083276175
img_to.jpg,0.03586325,0.20737796,0.01511909,0.13471618,0.017292142,0.004791471,0.004923378,0.57482666,0.0023936005,0.0026962967
img_to.jpg,0.022086477,0.0015687871,0.0025839522,0.04299838,0.14024712,0.32978332,0.050196078,0.16759458,0.053303495,0.1896378
img_to.jpg,0.1277815,0.029434118,0.006703993,0.020883778,0.0037802197,0.007827383,0.028112173,0.7721833,0.00024135227,0.0030521993
img_to.jpg,0.0047141,0.003319293,0.007683365,0.01188294,0.030356726,0.57174647,0.0058244793,0.16729847,0.19477606,0.0023980448
img_to.jpg,0.006358059,0.006772328,0.007113063,0.0020683135,0.49353707,0.060018536,0.0019295171,0.18477227,0.23035502,0.0070758546
img_to.jpg,0.013822877,0.0051495936,0.000696728,0.06338947,0.00072233175,0.0040948372,0.005699162,0.90550643,7.569325e-05,0.0008428688
img_to.jpg,0.14208417,0.08639474,0.017008647,0.18193248,0.08803201,0.038312886,0.10369769,0.057615053,0.0120433,0.27287915
img_to.jpg,0.03821339,0.19205694,0.019556593,0.7054922,0.004436247,0.0006452205,0.00864172,0.008679845,0.0006192215,0.021658642
img_to.jpg,0.11415442,0.041278593,0.0074463286,0.152984,0.19583261,0.07041953,0.02906834,0.30544937,0.05040501,0.032961737
img_to.jpg,0.074035995,0.032352407,0.015808728,0.0782102,0.22949553,0.03174526,0.07519764,0.024804119,0.015410454,0.42293957
img_to.jpg,0.0012057209,0.00172528,0.0011215364,0.0027282694,0.023939392,0.41101485,0.002474034,0.13839768,0.4164292,0.00096398353
img_to.jpg,0.28402087,0.020721514,0.005711481,0.083935745,0.0029323348,0.004505507,0.017595883,0.5774399,0.0002624824,0.0028742377
img_to.jpg,0.04105547,0.0025748268,0.005577747,0.051251877,0.10171018,0.2798174,0.099800445,0.17523804,0.051736973,0.19123706
img_to.jpg,0.024015415,0.0069507654,0.0028865375,0.008844486,0.111016266,0.020056581,0.0061772326,0.80538,0.005242377,0.009430304
img_to.jpg,0.0068404917,0.0014693566,0.0035639608,0.3852629,0.0047312393,0.017203437,0.0039764773,0.57546353,0.00059461774,0.0008938869
img_to.jpg,0.054242216,0.15328641,0.010635422,0.10139274,0.017005544,0.010521374,0.019128954,0.6230178,0.00492133,0.005848205
img_to.jpg,0.024706218,0.0064122635,0.00091730274,0.10388697,0.0009037731,0.0052308873,0.007983365,0.84897226,9.6515156e-05,0.00089044054
img_to.jpg,0.007198752,0.0035377834,0.010776205,0.027833823,0.020309921,0.5114808,0.0044888905,0.36926582,0.04364177,0.0014662027
img_to.jpg,0.054960914,0.0011191609,0.012072169,0.03914164,0.075846486,0.33572924,0.08983629,0.25474605,0.056706455,0.079841524
img_to.jpg,0.004545171,0.0009885868,0.0022518022,0.07197192,0.0073501696,0.035674773,0.0055040456,0.8694252,0.0011600319,0.0011281647
img_to.jpg,0.05059115,0.001036589,0.012735856,0.040151637,0.074784435,0.34276554,0.08759201,0.25362486,0.058513697,0.07820418
img_to.jpg,0.0025170716,0.008328642,0.0009726111,0.54443127,0.0012223131,0.0015446706,0.0010346235,0.43889028,0.000357835,0.0007007005
img_to.jpg,0.006027251,0.0050168163,0.006934155,0.011310425,0.07368413,0.38028353,0.0059344834,0.2222774,0.28365225,0.004879455
img_to.jpg,0.0061964463,0.0012101501,0.0018403771,0.12607114,0.0032106435,0.010932044,0.0032671215,0.8457972,0.00028695515,0.0011879501
img_to.jpg,0.19923748,0.06795812,0.013782953,0.02759434,0.24863297,0.02756617,0.19758616,0.08760749,0.035024025,0.09501019
img_to.jpg,0.03411294,8.588911e-05,0.027889566,0.008383707,0.013504312,0.2354175,0.1200864,0.53380346,0.0048482437,0.02186785
img_to.jpg,0.59782857,0.26553908,0.012039211,0.04137012,0.018786317,0.0026235473,0.020685475,0.023083622,0.0017555236,0.016288515
img_to.jpg,0.117704466,0.09465816,0.048714485,0.055136856,0.22335808,0.05221825,0.02739225,0.28118494,0.058048517,0.04158398
img_to.jpg,0.01725897,9.73432e-05,0.051946316,0.0011097303,0.008130887,0.075263225,0.10407148,0.735097,0.0016563399,0.00536865
img_to.jpg,0.06381845,0.14972892,0.3159414,0.14947344,0.03834408,0.014037705,0.020881267,0.21357858,0.010894807,0.023301333
img_to.jpg,0.060363755,0.040441535,0.001018251,0.032689072,0.019929275,0.032513194,0.05622739,0.71647036,0.01392302,0.026424015
img_to.jpg,0.06828973,0.03775366,0.010300732,0.0066261333,0.0032004397,0.0074793943,0.027513018,0.8367012,0.00028415798,0.0018515598
img_to.jpg,0.12025916,0.08188404,0.01477166,0.5141513,0.038473323,0.014106382,0.026898146,0.044621166,0.0074466337,0.13738821
img_to.jpg,0.0747161,0.67217034,0.014339437,0.1255122,0.001942938,0.0017495207,0.054536283,0.039024875,0.0008651605,0.015143005
img_to.jpg,0.006714002,0.0064794216,0.0065063136,0.0019603504,0.43059388,0.07313142,0.0016615466,0.16810586,0.2995234,0.005323769
img_to.jpg,0.0037011085,0.0007803352,0.0015486567,0.07215263,0.0026013383,0.009785324,0.002163713,0.9064077,0.0002367185,0.0006223737
img_to.jpg,0.03902592,0.16117777,0.10103783,0.036864106,0.021354754,0.19465977,0.023161057,0.4110468,0.00604489,0.005627164
img_to.jpg,0.0037861525,0.00068889605,0.0016243262,0.95819086,0.0014377792,0.002091574,0.0009934943,0.030499313,0.00013862536,0.00054906326
img_to.jpg,0.06397534,0.18245184,0.47827926,0.026498403,0.0623935,0.016096944,0.015032798,0.12284336,0.01745654,0.014972034
img_to.jpg,0.02630672,0.037508532,0.22451621,0.010638182,0.07354257,0.16775584,0.008423559,0.42824048,0.017062869,0.006004881
img_to.jpg,0.020253712,0.00016017062,0.10678937,0.0011901321,0.0069271256,0.06337267,0.091561146,0.70528096,0.0011144966,0.0033501817
img_to.jpg,0.002912591,0.0126597565,0.0009197222,0.28863445,0.007415655,0.004360859,0.0012413658,0.68032265,0.0010935385,0.0004393412
img_to.jpg,0.058612235,0.1227373,0.02017245,0.015603154,0.005196633,0.011005427,0.029796258,0.7308849,0.0007701024,0.005221556
img_to.jpg,0.0073055835,0.0047674566,0.0035899344,0.0040676245,0.107664764,0.3123163,0.0029753372,0.15679285,0.39747036,0.003049796
img_to.jpg,0.007950587,0.0064354846,0.002805462,0.009706164,0.00840856,0.047660146,0.006182813,0.90299606,0.005038292,0.0028164291
img_to.jpg,0.03106309,0.0016725152,0.0037680503,0.04547433,0.10488381,0.32304683,0.075512715,0.17844161,0.049467783,0.18666935
img_to.jpg,0.03669819,0.038999453,0.29220623,0.016892897,0.031207731,0.041262403,0.010367125,0.51983917,0.0053681857,0.0071586384
img_to.jpg,0.0072919643,0.004678135,0.0038055736,0.0037268049,0.10822373,0.30902657,0.0027940522,0.14332373,0.4141939,0.0029354908
img_to.jpg,0.16446234,0.1099076,0.007531687,0.15332772,0.11884567,0.02722783,0.032412097,0.33701417,0.013853408,0.035417493
img_to.jpg,0.12486173,0.051314246,0.13702846,0.05374667,0.021441452,0.019713,0.020306958,0.55523854,0.002334688,0.014014277
img_to.jpg,0.062396754,0.0018897599,0.01993516,0.04682638,0.06267198,0.24691875,0.126516,0.32877228,0.037992116,0.066080846
img_to.jpg,0.007033686,0.0041775014,0.0036960247,0.010309229,0.11077841,0.07988004,0.0041358173,0.7457479,0.026670717,0.007570754
img_to.jpg,0.016775267,0.114952184,0.60690004,0.0127298655,0.02462899,0.03235655,0.0077164234,0.17681819,0.0036817403,0.0034407156
img_to.jpg,0.0756636,0.0765625,0.014864849,0.6964286,0.010107019,0.010356374,0.029532539,0.025463028,0.0059739193,0.055047605
img_to.jpg,0.038813367,0.00018063586,0.055374146,0.0057057543,0.010667568,0.14606649,0.21743393,0.50509274,0.0037061723,0.016959209
img_to.jpg,0.004867045,0.0013597002,0.0019366443,0.076935865,0.0031651368,0.012326025,0.0031833453,0.8948823,0.0003931621,0.00095077156
img_to.jpg,0.022217851,0.09858485,0.080384806,0.030930964,0.05262283,0.11025562,0.014341016,0.57518077,0.00720531,0.00827606
img_to.jpg,0.0049279053,0.0032764685,0.008107567,0.009816862,0.02057473,0.62664825,0.0048679137,0.105965175,0.21411695,0.0016981941
img_to.jpg,0.036589902,0.12803967,0.05837767,0.16097526,0.042389166,0.019833576,0.007241832,0.5295699,0.0125426855,0.004440325
img_to.jpg,0.07749727,0.1297454,0.010588258,0.64949924,0.0092348065,0.008050395,0.012713416,0.044822626,0.008551232,0.049297284
img_to.jpg,0.071212694,0.10960415,0.042522695,0.03800261,0.005759671,0.0074364212,0.024072202,0.69523543,0.00061892066,0.0055353036
img_to.jpg,0.043829616,0.001993324,0.005841691,0.052201115,0.090873554,0.27558982,0.113591775,0.19556257,0.04519546,0.175321
img_to.jpg,0.07712518,0.039677747,0.010450236,0.0057951673,0.00391419,0.008629165,0.0324771,0.8194892,0.00033646426,0.0021054933
img_to.jpg,0.1712097,0.042244364,0.014067575,0.015209757,0.009981407,0.011903175,0.031685974,0.6960454,0.00061141193,0.0070412257
img_to.jpg,0.08322453,0.12042802,0.4679213,0.12692457,0.02387202,0.026372936,0.012302923,0.05748344,0.026896955,0.054573327
img_to.jpg,0.060283806,0.006086759,0.009254573,0.037517272,0.09537049,0.08542423,0.109372966,0.07093413,0.04206228,0.48369348
img_to.jpg,0.08283775,0.124457955,0.008960857,0.661491,0.0077201934,0.019152021,0.020115504,0.032540105,0.010098173,0.032626513
img_to.jpg,0.012135971,0.03160177,0.16790313,0.009617523,0.020731142,0.48213542,0.010664581,0.24838172,0.01430093,0.0025277233
img_to.jpg,0.017190197,0.00010748009,0.042429786,0.0010845016,0.009983001,0.0780513,0.098818615,0.7429396,0.0021997923,0.007195634
img_to.jpg,0.13579525,0.2594002,0.06427156,0.359225,0.0068701776,0.02277701,0.035983857,0.06857963,0.012030804,0.035066478
img_to.jpg,0.04783178,0.020774622,0.0039906655,0.027621603,0.024605658,0.011758635,0.01798994,0.8352789,0.0024550434,0.007693181
img_to.jpg,0.61078036,0.0038282906,0.021077935,0.015496762,0.00052936294,0.0018476705,0.31599542,0.0053726067,0.000120691286,0.024950959
img_to.jpg,0.29622474,0.19460995,0.006559239,0.05426225,0.017115861,0.010024144,0.30419534,0.03703497,0.0031529032,0.07682057
img_to.jpg,0.06583302,0.20502718,0.009392164,0.0146343205,0.0067782244,0.013140498,0.053308014,0.61726093,0.0018305798,0.012795045
img_to.jpg,0.0224095,0.0109409345,0.0007708443,0.0071900566,0.006433337,0.03904772,0.018916173,0.88673186,0.003665899,0.003893738
img_to.jpg,0.059775766,0.21182114,0.20295079,0.07899677,0.06769362,0.019309543,0.011828354,0.31766027,0.018709628,0.011254137
img_to.jpg,0.00097567984,0.001501607,0.0003593999,0.04191944,0.00090212317,0.0020696104,0.000736236,0.9510821,0.00023961219,0.00021427548
img_to.jpg,0.0054151025,0.003006724,0.0036005632,0.0031390237,0.0399938,0.48686776,0.001312454,0.052516654,0.40294486,0.0012030365
img_to.jpg,0.029366726,0.009105166,0.00504074,0.04749778,0.16283245,0.10079488,0.0764506,0.070648275,0.059841905,0.43842143
img_to.jpg,0.0068303826,0.0044970405,0.0035806377,0.0029704976,0.1066257,0.2870806,0.0025250902,0.13034278,0.45294553,0.0026018189
img_to.jpg,0.06768528,0.046402782,0.008195516,0.7547166,0.010349043,0.008000416,0.021455646,0.019991634,0.00501287,0.05819028
img_to.jpg,0.02341615,0.019510739,0.010342911,0.009771757,0.10351559,0.024663055,0.011298951,0.7804634,0.0051024184,0.011915005
img_to.jpg,0.0072462903,0.004472505,0.0036496331,0.003714634,0.10245218,0.3196876,0.002708641,0.1393944,0.4138725,0.002801502
img_to.jpg,0.010451255,0.0040756073,0.0005177263,0.039220005,0.00063170725,0.0031619105,0.004667155,0.9363349,7.380154e-05,0.0008660495
img_to.jpg,0.026732013,0.026521161,0.35376772,0.0114366785,0.05579165,0.073819585,0.006517643,0.43108705,0.008727477,0.0055990624
img_to.jpg,0.0011594277,0.001454806,0.0009684241,0.0031896965,0.019345997,0.4583711,0.002357813,0.16785312,0.34438565,0.00091390865
img_to.jpg,0.0016340807,0.006136192,0.00072047056,0.22268465,0.0009860935,0.0018806881,0.0011631688,0.7640993,0.00027785427,0.0004173882
img_to.jpg,0.07941038,0.06571393,0.014905312,0.6864848,0.01636415,0.014324145,0.017383873,0.031213302,0.008969264,0.065230824
img_to.jpg,0.08378017,0.0009303531,0.09068174,0.0080022905,0.005094255,0.07902829,0.49357772,0.21523824,0.0036417015,0.020025259
img_to.jpg,0.0026986247,0.00059280975,0.0013644048,0.035485376,0.0029004747,0.014013459,0.002102838,0.9398883,0.0003918394,0.00056173117
img_to.jpg,0.08910269,0.5088199,0.032102693,0.025511459,0.008024159,0.0072747995,0.04499596,0.26884553,0.00085543614,0.014467394
img_to.jpg,0.14844689,0.6494291,0.039875157,0.038944468,0.016747074,0.002900471,0.010866062,0.07835799,0.003902221,0.010530503
img_to.jpg,0.08309361,0.077101976,0.009141075,0.62887794,0.02088221,0.007439768,0.019615315,0.037924908,0.0061300313,0.10979314
img_to.jpg,0.0063749347,0.004301454,0.0042025642,0.013903271,0.03213731,0.0753399,0.0027037936,0.8488912,0.009533246,0.0026123899
img_to.jpg,0.039301887,0.048209324,0.11662454,0.73855674,0.0058226986,0.0037774525,0.005426516,0.010737112,0.005041152,0.02650269
img_to.jpg,0.26983148,0.009858705,0.0039030088,0.054850116,0.0038696616,0.006234528,0.017347094,0.63180584,0.00033577502,0.001963725
img_to.jpg,0.012223845,0.06365876,0.009206883,0.13849075,0.055769775,0.025430037,0.0058406116,0.6653108,0.020080905,0.003987639
img_to.jpg,0.1197738,0.24352631,0.10132153,0.33169714,0.011512573,0.027790735,0.026160413,0.07605115,0.018083125,0.0440833
img_to.jpg,0.06102382,0.02783859,0.012722235,0.0042460477,0.0058458406,0.013728906,0.026677493,0.84544325,0.00049328443,0.0019804968
img_to.jpg,0.005398829,0.005598736,0.0064653647,0.001742563,0.5492864,0.048873696,0.0016751905,0.19932158,0.17468455,0.0069530634
img_to.jpg,0.07533624,0.06713997,0.0048158835,0.21570572,0.028546661,0.014133368,0.06017146,0.47369045,0.006598607,0.053861555
img_to.jpg,0.0083682425,0.0073564867,0.006327343,0.00273101,0.4018816,0.095812224,0.001974282,0.15242112,0.31728104,0.0058467123
img_to.jpg,0.11385891,0.15617484,0.12692808,0.39794663,0.021379808,0.024203777,0.01773864,0.060248762,0.0205936,0.060926892
img_to.jpg,0.2324351,0.09420891,0.017238563,0.07803486,0.008336732,0.010662349,0.043799073,0.4964995,0.0009043018,0.017880615
img_to.jpg,0.009042809,0.002673572,0.00057251076,0.053497367,0.0006399318,0.003672386,0.003988921,0.92517066,6.878104e-05,0.000673022
img_to.jpg,0.03929067,0.020029614,0.0038405252,0.028618678,0.21420199,0.10455856,0.021751324,0.39821965,0.12900549,0.040483464
img_to.jpg,0.0093449475,0.04172399,0.020007612,0.13533084,0.17881162,0.04692634,0.0028458124,0.49333376,0.0680234,0.0036516257
img_to.jpg,0.122785546,0.23050849,0.06545157,0.41690117,0.0072773644,0.01924894,0.029420076,0.06044074,0.011505637,0.036460448
img_to.jpg,0.048433624,0.0010168719,0.01188532,0.041389912,0.07473791,0.34866416,0.08562818,0.2472654,0.059983384,0.08099521
img_to.jpg,0.0053085713,0.0035178547,0.0047236327,0.013066605,0.096225746,0.27869743,0.0034945689,0.45169806,0.13826858,0.0049989093
img_to.jpg,0.016590882,8.1294995e-05,0.057750978,0.0013112999,0.0064364825,0.09113022,0.10579419,0.7149793,0.0015214136,0.0044039376
img_to.jpg,0.0035993552,0.0025762087,0.0013122879,0.0054743574,0.029296033,0.49288768,0.0025925715,0.2238076,0.23674954,0.0017043467
img_to.jpg,0.0035712782,0.008257688,0.0011920773,0.46878657,0.001321215,0.0018673475,0.0013200184,0.5125382,0.0003985531,0.0007471449
img_to.jpg,0.10631328,0.073221765,0.0018743196,0.07705901,0.0014528275,0.005425686,0.034067262,0.69755214,0.0001894249,0.0028441567
img_to.jpg,0.0062159635,0.0032429073,0.00358405,0.0026088636,0.059651982,0.38882187,0.0012191947,0.052532785,0.4807293,0.0013931066
img_to.jpg,0.021025652,0.008866487,0.0007103675,0.086471595,0.00080477033,0.003690005,0.0072795553,0.86990166,7.7392346e-05,0.0011725095
img_to.jpg,0.043059915,0.2323656,0.055290803,0.42411762,0.012335698,0.006468264,0.012662023,0.19839315,0.0055860705,0.009720853
img_to.jpg,0.07486753,0.0020180095,0.45242116,0.0022003157,0.027216956,0.029550502,0.13372448,0.26896405,0.0015905743,0.0074464553
img_to.jpg,0.049075257,0.19118463,0.23126267,0.07048847,0.095445976,0.028531114,0.009598419,0.2776041,0.035058115,0.011751272
img_to.jpg,0.097582445,0.042995617,0.0105675645,0.6323341,0.023209825,0.015156601,0.05571483,0.01886801,0.005371317,0.09819964
img_to.jpg,0.0008585363,6.852408e-05,0.00026054052,0.002757736,0.0018208029,0.020801382,0.0005699051,0.9718398,0.0008392028,0.00018361585
img_to.jpg,0.00789169,0.00753105,0.005591477,0.0030626538,0.46842074,0.077527545,0.0024330635,0.19789045,0.22093256,0.008718783
img_to.jpg,0.0016374865,0.0008490361,0.00042022538,0.0031317852,0.01946445,0.5190663,0.0008608132,0.09895003,0.35498288,0.0006369896
img_to.jpg,0.114865534,0.09222026,0.01451089,0.5054794,0.035750236,0.012868193,0.028070386,0.04804989,0.007158448,0.14102674
img_to.jpg,0.13515966,0.2527088,0.015973138,0.54120284,0.012084421,0.00050543185,0.0027961635,0.0064888494,0.0028779285,0.030202758
img_to.jpg,0.121553235,0.06639201,0.022513563,0.11563104,0.17366898,0.06731325,0.108028166,0.04875352,0.021656616,0.25448966
img_to.jpg,0.0047920817,0.0038446123,0.0008966343,0.0569563,0.0014662272,0.0040652244,0.0031616099,0.9235134,0.00037646675,0.00092738966
img_to.jpg,0.091194026,0.05872519,0.008181857,0.012933602,0.002582232,0.005334841,0.028018195,0.78965145,0.0002677472,0.0031109115
img_to.jpg,0.0015101525,0.005220762,0.00068306655,0.15216196,0.0010044844,0.002002994,0.0011990312,0.8355215,0.0002853941,0.0004106968
img_to.jpg,0.103951655,0.0033872088,0.1432979,0.0039580883,0.0066589066,0.035030264,0.4750078,0.21433946,0.0027138842,0.011654845
img_to.jpg,0.05758953,0.045087125,0.09770004,0.016074266,0.016006246,0.020177333,0.012804814,0.7255923,0.0017961467,0.007172073
img_to.jpg,0.20639458,0.13660972,0.10106893,0.2768998,0.017713489,0.028447794,0.08386648,0.06345725,0.007290734,0.078251146
img_to.jpg,0.0028841165,0.0035708374,0.0018832143,0.00403552,0.07909378,0.28778675,0.004312939,0.20414138,0.4094665,0.0028248848
img_to.jpg,0.042412687,0.0017833295,0.0054620556,0.050537184,0.09430002,0.2904625,0.10109411,0.19793329,0.046316735,0.16969804
img_to.jpg,0.31622636,0.01855115,0.0051292465,0.07150953,0.0030299926,0.004418732,0.018895008,0.5591888,0.0002582242,0.002792976
img_to.jpg,0.14562933,0.019590164,0.0064073806,0.0058375453,0.008310619,0.013231119,0.039538823,0.75833225,0.0003965569,0.0027262366
img_to.jpg,0.12100723,0.074261285,0.010143825,0.51935345,0.02993703,0.023466151,0.059067268,0.030454146,0.00744427,0.124865286
img_to.jpg,0.0011965455,0.0015479673,0.0011281965,0.00222508,0.018729392,0.43431544,0.001936436,0.11725723,0.4208715,0.0007922766
img_to.jpg,0.020817535,0.0059422706,0.0011052422,0.023516184,0.032959737,0.027237723,0.0046071857,0.87421733,0.005219921,0.00437692
img_to.jpg,0.004033247,0.00092135824,0.0017956897,0.060491007,0.0029680731,0.011636829,0.0025727767,0.91452265,0.0003089715,0.00074940117
img_to.jpg,0.004439647,0.011866277,0.015926706,0.12531364,0.1558005,0.07815953,0.0019591881,0.5202139,0.08447145,0.001849099
img_to.jpg,0.010835454,0.0042568073,0.0005344209,0.039862532,0.00064382615,0.0032415472,0.0048318147,0.9348312,7.44445e-05,0.000887954
img_to.jpg,0.008675097,0.0054983897,0.0007311604,0.03367202,0.002410379,0.004468699,0.0068341857,0.9353718,0.00048108352,0.0018571581
img_to.jpg,0.033414647,0.0025459651,0.0041948617,0.05036148,0.117764875,0.27756464,0.081321724,0.1616927,0.05067282,0.2204663
img_to.jpg,0.023653263,0.09119328,0.44099706,0.039725464,0.14739046,0.03641546,0.0060819294,0.11782311,0.08593665,0.010783167
img_to.jpg,0.011608977,0.0043621706,0.002714283,0.015495369,0.097751,0.06294168,0.0037316107,0.7724773,0.022795722,0.006121852
img_to.jpg,0.05770499,0.03663789,0.014474365,0.0049306634,0.0052139657,0.012144709,0.027978621,0.83833426,0.00049718545,0.0020832536
img_to.jpg,0.12056318,0.2369343,0.060348004,0.42214087,0.0065260073,0.018482791,0.030414874,0.059207972,0.010789819,0.03459216
img_to.jpg,0.020268602,0.00015750488,0.08420106,0.0012022408,0.009718395,0.06345002,0.09283724,0.722174,0.0013802319,0.0046107178
img_to.jpg,0.010428478,0.0046705715,0.004756864,0.0063144458,0.14011164,0.055460203,0.0043150457,0.7535003,0.013964671,0.006477666
img_to.jpg,0.0032166417,0.0011199983,0.00055530824,0.002694367,0.006007954,0.092299774,0.0033265012,0.8789932,0.010423202,0.0013630599
img_to.jpg,0.09995606,0.013997219,0.0018044306,0.8104207,0.0017806443,0.0008988201,0.019023752,0.0064216633,0.00046259415,0.04523413
img_to.jpg,0.001157508,0.003829824,0.0004891242,0.09372608,0.0008803027,0.0016490784,0.0010281205,0.8966988,0.00020478145,0.00033629072
img_to.jpg,0.0033051188,0.008359635,0.0018330032,0.66578877,0.0014535805,0.00164365,0.0010577565,0.3152322,0.00045155353,0.0008748786
img_to.jpg,0.06835048,0.12519078,0.012531895,0.7054024,0.004549332,0.011369485,0.014628077,0.028264578,0.006869018,0.022843955
img_to.jpg,0.12763739,0.22631636,0.06984684,0.40555918,0.007749757,0.019436028,0.028332608,0.06372213,0.012083565,0.039316062
img_to.jpg,0.011805076,0.041802585,0.20959623,0.013374952,0.027027745,0.39299905,0.0067213755,0.27833828,0.015558228,0.0027764945
img_to.jpg,0.19546382,0.08476563,0.22443986,0.36482805,0.0055410797,0.011702102,0.017255973,0.049981877,0.011135422,0.034886118
img_to.jpg,0.32536873,0.56033117,0.009092257,0.04921796,0.015029697,0.0016725406,0.008969929,0.01731224,0.002234283,0.010771241
